Name,hermes.p.vmsub.zxpt.pi-
Comment,HERMES proton-to-pi- (zxpt-3D) vmsub. thFactor contains DIS normalization
Reference,1212.5407
Process type,SIDIS
Number of points,335
Number of uncorr.errors,2
Number of corr.errors,1
Number of norm.errors,0
List of norm.errors (relative),
Total cross-section nomalized,False
List of points 
Point id,process id,s[GeV^2],<Q>[GeV],Qmin[GeV],Qmax[GeV],<x>,xMin,xMax,<z>,zMin,zMax,<pT>[GeV],pTMin[GeV],pTMax[GeV],xSec,Uncorr.Err.0,Uncorr.Err.1,Corr.Err.0,Th.Factor,FiducialCuts,yMin,yMax,W2min[GeV^2],W2max[GeV^2],TargetMass[GeV],ProductMass[GeV]
hermes.p.vmsub.zxpt.pi-.0,1 - 1 - 2021,52.657444,1.117911892771519,1.0,4.47213595499958,0.03758844,0.023,0.047,0.152031,0.1,0.2,0.1096793,0.0,0.15,3.786258,0.05478082,0.9643949,0.11444779626007393,0.010989660854626649,True,0.1,0.85,10.0,10000.0,0.938,0.139
hermes.p.vmsub.zxpt.pi-.1,1 - 1 - 2021,52.657444,1.117911892771519,1.0,4.47213595499958,0.03758844,0.023,0.047,0.1546214,0.1,0.2,0.2226928,0.15,0.25,7.871387,0.07033661,0.7853131,0.23792961167997387,0.016484491281939975,True,0.1,0.85,10.0,10000.0,0.938,0.139
hermes.p.vmsub.zxpt.pi-.2,1 - 1 - 2021,52.657444,1.117911892771519,1.0,4.47213595499958,0.03758844,0.023,0.047,0.1562146,0.1,0.2,0.3295033,0.25,0.35,8.698135,0.06793105,0.220046,0.26291984918159783,0.016484491281939975,True,0.1,0.85,10.0,10000.0,0.938,0.139
hermes.p.vmsub.zxpt.pi-.3,1 - 1 - 2021,52.657444,1.117911892771519,1.0,4.47213595499958,0.03758844,0.023,0.047,0.1595915,0.1,0.2,0.4420025,0.35,0.45,6.991761,0.06762931,0.7099162,0.21134102283234021,0.016484491281939965,True,0.1,0.85,10.0,10000.0,0.938,0.139
hermes.p.vmsub.zxpt.pi-.4,1 - 1 - 2021,52.657444,1.117911892771519,1.0,4.47213595499958,0.03758844,0.023,0.047,0.1627369,0.1,0.2,0.5859958,0.45,0.6,4.099734,0.05606071,0.656737,0.12392328297556529,0.010989660854626649,True,0.1,0.85,10.0,10000.0,0.938,0.139
hermes.p.vmsub.zxpt.pi-.5,1 - 1 - 2021,52.657444,1.117911892771519,1.0,4.47213595499958,0.03758844,0.023,0.047,0.168528,0.1,0.2,0.791671,0.6,0.8,1.644273,0.05761473,0.263542,0.04970168997990643,0.008242245640969982,True,0.1,0.85,10.0,10000.0,0.938,0.139
hermes.p.vmsub.zxpt.pi-.6,1 - 1 - 2021,52.657444,1.117911892771519,1.0,4.47213595499958,0.03758844,0.023,0.047,0.2224191,0.2,0.25,1.357048,0.8,1.2,0.1773034,0.05739303,0.02843709,0.005359376830479695,0.008242245640969991,True,0.1,0.85,10.0,10000.0,0.938,0.139
hermes.p.vmsub.zxpt.pi-.7,1 - 1 - 2021,52.657444,1.117911892771519,1.0,4.47213595499958,0.03758844,0.023,0.047,0.2298026,0.2,0.25,0.1027844,0.0,0.15,1.638068,0.05151984,0.07078254,0.049514130501446756,0.021979321709253305,True,0.1,0.85,10.0,10000.0,0.938,0.139
hermes.p.vmsub.zxpt.pi-.8,1 - 1 - 2021,52.657444,1.117911892771519,1.0,4.47213595499958,0.03758844,0.023,0.047,0.2371517,0.2,0.25,0.2167211,0.15,0.25,3.688947,0.07241436,0.9506896,0.11150636186710228,0.03296898256387996,True,0.1,0.85,10.0,10000.0,0.938,0.139
hermes.p.vmsub.zxpt.pi-.9,1 - 1 - 2021,52.657444,1.117911892771519,1.0,4.47213595499958,0.03758844,0.023,0.047,0.2375678,0.2,0.25,0.3192526,0.25,0.35,4.219037,0.06784803,0.5716395,0.12752947289638306,0.032968982563879964,True,0.1,0.85,10.0,10000.0,0.938,0.139
hermes.p.vmsub.zxpt.pi-.10,1 - 1 - 2021,52.657444,1.117911892771519,1.0,4.47213595499958,0.03758844,0.023,0.047,0.237648,0.2,0.25,0.4232715,0.35,0.45,3.91389,0.05939661,0.2103826,0.11830574813030192,0.032968982563879944,True,0.1,0.85,10.0,10000.0,0.938,0.139
hermes.p.vmsub.zxpt.pi-.11,1 - 1 - 2021,52.657444,1.117911892771519,1.0,4.47213595499958,0.03758844,0.023,0.047,0.2416315,0.2,0.25,0.5579382,0.45,0.6,2.709557,0.04008398,0.09391295,0.08190219142252249,0.02197932170925331,True,0.1,0.85,10.0,10000.0,0.938,0.139
hermes.p.vmsub.zxpt.pi-.12,1 - 1 - 2021,52.657444,1.117911892771519,1.0,4.47213595499958,0.03758844,0.023,0.047,0.2498273,0.2,0.25,0.7621706,0.6,0.8,1.112358,0.02634734,0.04727058,0.0336234143981375,0.016484491281939972,True,0.1,0.85,10.0,10000.0,0.938,0.139
hermes.p.vmsub.zxpt.pi-.13,1 - 1 - 2021,52.657444,1.117911892771519,1.0,4.47213595499958,0.03758844,0.023,0.047,0.2610851,0.25,0.3,1.073937,0.8,1.2,0.243012,0.01548009,0.01124651,0.007345560673560302,0.008242245640969991,True,0.1,0.85,10.0,10000.0,0.938,0.139
hermes.p.vmsub.zxpt.pi-.14,1 - 1 - 2021,52.657444,1.117911892771519,1.0,4.47213595499958,0.03758844,0.023,0.047,0.2759505,0.25,0.3,0.1014392,0.0,0.15,1.090305,0.04358672,0.04466414,0.032956815014016455,0.021979321709253305,True,0.1,0.85,10.0,10000.0,0.938,0.139
hermes.p.vmsub.zxpt.pi-.15,1 - 1 - 2021,52.657444,1.117911892771519,1.0,4.47213595499958,0.03758844,0.023,0.047,0.2831545,0.25,0.3,0.2099467,0.15,0.25,2.076165,0.0570564,0.2208801,0.06275655513234872,0.03296898256387996,True,0.1,0.85,10.0,10000.0,0.938,0.139
hermes.p.vmsub.zxpt.pi-.16,1 - 1 - 2021,52.657444,1.117911892771519,1.0,4.47213595499958,0.03758844,0.023,0.047,0.2866118,0.25,0.3,0.3165897,0.25,0.35,2.577073,0.05740177,0.4931541,0.07789757741055614,0.032968982563879964,True,0.1,0.85,10.0,10000.0,0.938,0.139
hermes.p.vmsub.zxpt.pi-.17,1 - 1 - 2021,52.657444,1.117911892771519,1.0,4.47213595499958,0.03758844,0.023,0.047,0.2871796,0.25,0.3,0.418118,0.35,0.45,2.56039,0.05081619,0.2884656,0.07739329783293443,0.032968982563879944,True,0.1,0.85,10.0,10000.0,0.938,0.139
hermes.p.vmsub.zxpt.pi-.18,1 - 1 - 2021,52.657444,1.117911892771519,1.0,4.47213595499958,0.03758844,0.023,0.047,0.290892,0.25,0.3,0.5500828,0.45,0.6,1.98703,0.03426858,0.09699928,0.060062257934523924,0.02197932170925331,True,0.1,0.85,10.0,10000.0,0.938,0.139
hermes.p.vmsub.zxpt.pi-.19,1 - 1 - 2021,52.657444,1.117911892771519,1.0,4.47213595499958,0.03758844,0.023,0.047,0.2955003,0.25,0.3,0.7398435,0.6,0.8,0.9388175,0.02102778,0.02781327,0.028377779318100337,0.016484491281939972,True,0.1,0.85,10.0,10000.0,0.938,0.139
hermes.p.vmsub.zxpt.pi-.20,1 - 1 - 2021,52.657444,1.117911892771519,1.0,4.47213595499958,0.03758844,0.023,0.047,0.3014583,0.3,0.375,1.01777,0.8,1.2,0.1792868,0.008563997,0.006063206,0.005419329363852284,0.0054948304273133245,True,0.1,0.85,10.0,10000.0,0.938,0.139
hermes.p.vmsub.zxpt.pi-.21,1 - 1 - 2021,52.657444,1.117911892771519,1.0,4.47213595499958,0.03758844,0.023,0.047,0.3374792,0.3,0.375,0.101407,0.0,0.15,0.6181819,0.02792009,0.01946831,0.01868587828480399,0.014652881139502198,True,0.1,0.85,10.0,10000.0,0.938,0.139
hermes.p.vmsub.zxpt.pi-.22,1 - 1 - 2021,52.657444,1.117911892771519,1.0,4.47213595499958,0.03758844,0.023,0.047,0.3440591,0.3,0.375,0.2090721,0.15,0.25,1.301206,0.03602716,0.1508988,0.03933175160815395,0.021979321709253295,True,0.1,0.85,10.0,10000.0,0.938,0.139
hermes.p.vmsub.zxpt.pi-.23,1 - 1 - 2021,52.657444,1.117911892771519,1.0,4.47213595499958,0.03758844,0.023,0.047,0.3477932,0.3,0.375,0.3123826,0.25,0.35,1.551425,0.03560288,0.3585915,0.046895159366526315,0.021979321709253298,True,0.1,0.85,10.0,10000.0,0.938,0.139
hermes.p.vmsub.zxpt.pi-.24,1 - 1 - 2021,52.657444,1.117911892771519,1.0,4.47213595499958,0.03758844,0.023,0.047,0.3478862,0.3,0.375,0.4163624,0.35,0.45,1.661679,0.03534455,0.2480396,0.050227823788459046,0.021979321709253284,True,0.1,0.85,10.0,10000.0,0.938,0.139
hermes.p.vmsub.zxpt.pi-.25,1 - 1 - 2021,52.657444,1.117911892771519,1.0,4.47213595499958,0.03758844,0.023,0.047,0.3511359,0.3,0.375,0.5450922,0.45,0.6,1.349975,0.02249053,0.1106181,0.04080589958639725,0.014652881139502198,True,0.1,0.85,10.0,10000.0,0.938,0.139
hermes.p.vmsub.zxpt.pi-.26,1 - 1 - 2021,52.657444,1.117911892771519,1.0,4.47213595499958,0.03758844,0.023,0.047,0.35247,0.3,0.375,0.7219103,0.6,0.8,0.7397282,0.01410481,0.03638629,0.022359876775811686,0.010989660854626642,True,0.1,0.85,10.0,10000.0,0.938,0.139
hermes.p.vmsub.zxpt.pi-.27,1 - 1 - 2021,52.657444,1.117911892771519,1.0,4.47213595499958,0.03758844,0.023,0.047,0.3581437,0.3,0.375,0.9971298,0.8,1.2,0.1880701,0.005441141,0.009754344,0.005684823508438075,0.0054948304273133245,True,0.1,0.85,10.0,10000.0,0.938,0.139
hermes.p.vmsub.zxpt.pi-.28,1 - 1 - 2021,52.657444,1.117911892771519,1.0,4.47213595499958,0.03758844,0.023,0.047,0.4212458,0.375,0.475,0.1038083,0.0,0.15,0.294805,0.01648338,0.01019283,0.008911115559597654,0.010989660854626652,True,0.1,0.85,10.0,10000.0,0.938,0.139
hermes.p.vmsub.zxpt.pi-.29,1 - 1 - 2021,52.657444,1.117911892771519,1.0,4.47213595499958,0.03758844,0.023,0.047,0.4248629,0.375,0.475,0.2050348,0.15,0.25,0.6870249,0.02300251,0.05259189,0.020766806113264775,0.01648449128193998,True,0.1,0.85,10.0,10000.0,0.938,0.139
hermes.p.vmsub.zxpt.pi-.30,1 - 1 - 2021,52.657444,1.117911892771519,1.0,4.47213595499958,0.03758844,0.023,0.047,0.4295751,0.375,0.475,0.3079483,0.25,0.35,0.8271219,0.02265541,0.1880811,0.02500153943377478,0.016484491281939982,True,0.1,0.85,10.0,10000.0,0.938,0.139
hermes.p.vmsub.zxpt.pi-.31,1 - 1 - 2021,52.657444,1.117911892771519,1.0,4.47213595499958,0.03758844,0.023,0.047,0.4332765,0.375,0.475,0.4124587,0.35,0.45,0.9113495,0.02229233,0.1300682,0.02754749990563777,0.016484491281939972,True,0.1,0.85,10.0,10000.0,0.938,0.139
hermes.p.vmsub.zxpt.pi-.32,1 - 1 - 2021,52.657444,1.117911892771519,1.0,4.47213595499958,0.03758844,0.023,0.047,0.4331425,0.375,0.475,0.5382168,0.45,0.6,0.7611685,0.01596964,0.05836937,0.02300795598387275,0.010989660854626654,True,0.1,0.85,10.0,10000.0,0.938,0.139
hermes.p.vmsub.zxpt.pi-.33,1 - 1 - 2021,52.657444,1.117911892771519,1.0,4.47213595499958,0.03758844,0.023,0.047,0.4375076,0.375,0.475,0.71512,0.6,0.8,0.471845,0.009631586,0.01955466,0.01426253055822783,0.008242245640969986,True,0.1,0.85,10.0,10000.0,0.938,0.139
hermes.p.vmsub.zxpt.pi-.34,1 - 1 - 2021,52.657444,1.117911892771519,1.0,4.47213595499958,0.03758844,0.023,0.047,0.4407623,0.375,0.475,0.9784643,0.8,1.2,0.1266748,0.003375469,0.005407345,0.0038290184402873795,0.0041211228204849955,True,0.1,0.85,10.0,10000.0,0.938,0.139
hermes.p.vmsub.zxpt.pi-.35,1 - 1 - 2021,52.657444,1.117911892771519,1.0,4.47213595499958,0.03758844,0.023,0.047,0.5321032,0.475,0.6,0.1037318,0.0,0.15,0.1197648,0.008648303,0.00349989,0.0036201488196336597,0.00879172868370132,True,0.1,0.85,10.0,10000.0,0.938,0.139
hermes.p.vmsub.zxpt.pi-.36,1 - 1 - 2021,52.657444,1.117911892771519,1.0,4.47213595499958,0.03758844,0.023,0.047,0.5344866,0.475,0.6,0.2050285,0.15,0.25,0.3056249,0.01360304,0.07065222,0.009238170322045002,0.013187593025551978,True,0.1,0.85,10.0,10000.0,0.938,0.139
hermes.p.vmsub.zxpt.pi-.37,1 - 1 - 2021,52.657444,1.117911892771519,1.0,4.47213595499958,0.03758844,0.023,0.047,0.5434017,0.475,0.6,0.3093208,0.25,0.35,0.4147209,0.0139377,0.05908298,0.01253583170190581,0.013187593025551982,True,0.1,0.85,10.0,10000.0,0.938,0.139
hermes.p.vmsub.zxpt.pi-.38,1 - 1 - 2021,52.657444,1.117911892771519,1.0,4.47213595499958,0.03758844,0.023,0.047,0.5420689,0.475,0.6,0.4084944,0.35,0.45,0.3933123,0.01283271,0.01809011,0.011888710694564679,0.013187593025551975,True,0.1,0.85,10.0,10000.0,0.938,0.139
hermes.p.vmsub.zxpt.pi-.39,1 - 1 - 2021,52.657444,1.117911892771519,1.0,4.47213595499958,0.03758844,0.023,0.047,0.5403907,0.475,0.6,0.5308294,0.45,0.6,0.3888423,0.009799603,0.036229,0.011753595324908798,0.008791728683701322,True,0.1,0.85,10.0,10000.0,0.938,0.139
hermes.p.vmsub.zxpt.pi-.40,1 - 1 - 2021,52.657444,1.117911892771519,1.0,4.47213595499958,0.03758844,0.023,0.047,0.5478636,0.475,0.6,0.7021481,0.6,0.8,0.2602705,0.006717099,0.03582427,0.007867235977185805,0.006593796512775987,True,0.1,0.85,10.0,10000.0,0.938,0.139
hermes.p.vmsub.zxpt.pi-.41,1 - 1 - 2021,52.657444,1.117911892771519,1.0,4.47213595499958,0.03758844,0.023,0.047,0.5402718,0.475,0.6,0.9611854,0.8,1.2,0.09617724,0.002608277,0.01315489,0.002907164057065375,0.0032968982563879954,True,0.1,0.85,10.0,10000.0,0.938,0.139
hermes.p.vmsub.zxpt.pi-.42,1 - 1 - 2021,52.657444,1.117911892771519,1.0,4.47213595499958,0.03758844,0.023,0.047,0.6899448,0.6,0.8,0.1014492,0.0,0.15,0.05468577,0.003751303,0.001920242,0.0016529950846680978,0.005494830427313323,True,0.1,0.85,10.0,10000.0,0.938,0.139
hermes.p.vmsub.zxpt.pi-.43,1 - 1 - 2021,52.657444,1.117911892771519,1.0,4.47213595499958,0.03758844,0.023,0.047,0.6940781,0.6,0.8,0.2034127,0.15,0.25,0.1413401,0.00617771,0.02447972,0.004272308693221242,0.008242245640969984,True,0.1,0.85,10.0,10000.0,0.938,0.139
hermes.p.vmsub.zxpt.pi-.44,1 - 1 - 2021,52.657444,1.117911892771519,1.0,4.47213595499958,0.03758844,0.023,0.047,0.6902786,0.6,0.8,0.300395,0.25,0.35,0.1681871,0.006180744,0.04580923,0.0050838170442618225,0.008242245640969986,True,0.1,0.85,10.0,10000.0,0.938,0.139
hermes.p.vmsub.zxpt.pi-.45,1 - 1 - 2021,52.657444,1.117911892771519,1.0,4.47213595499958,0.03758844,0.023,0.047,0.685912,0.6,0.8,0.4009562,0.35,0.45,0.1690791,0.006071857,0.02271019,0.0051107796638889015,0.00824224564096998,True,0.1,0.85,10.0,10000.0,0.938,0.139
hermes.p.vmsub.zxpt.pi-.46,1 - 1 - 2021,52.657444,1.117911892771519,1.0,4.47213595499958,0.03758844,0.023,0.047,0.6873729,0.6,0.8,0.5236346,0.45,0.6,0.1343528,0.004246006,0.02043545,0.00406110251371419,0.005494830427313324,True,0.1,0.85,10.0,10000.0,0.938,0.139
hermes.p.vmsub.zxpt.pi-.47,1 - 1 - 2021,52.657444,1.117911892771519,1.0,4.47213595499958,0.03758844,0.023,0.047,0.6880805,0.6,0.8,0.6928845,0.6,0.8,0.09638652,0.003144345,0.006450574,0.002913489995446042,0.00412112282048499,True,0.1,0.85,10.0,10000.0,0.938,0.139
hermes.p.vmsub.zxpt.pi-.48,1 - 1 - 2021,52.657444,1.117911892771519,1.0,4.47213595499958,0.03758844,0.023,0.047,0.686238,0.6,0.8,0.9517994,0.8,1.2,0.03793702,0.001396553,0.002629728,0.0011467280717992144,0.0020605614102424965,True,0.1,0.85,10.0,10000.0,0.938,0.139
hermes.p.vmsub.zxpt.pi-.49,1 - 1 - 2021,52.657444,1.117911892771519,1.0,4.47213595499958,0.03758844,0.023,0.047,0.8929212,0.8,1.1,0.1083702,0.0,0.15,0.009640792,0.0006857498,0.0003489862,0.00029141368564998755,0.0036632202848755494,True,0.1,0.85,10.0,10000.0,0.938,0.139
hermes.p.vmsub.zxpt.pi-.50,1 - 1 - 2021,52.657444,1.117911892771519,1.0,4.47213595499958,0.03758844,0.023,0.047,0.874397,0.8,1.1,0.2019668,0.15,0.25,0.01793662,0.001402616,0.003093304,0.0005421729399724918,0.005494830427313324,True,0.1,0.85,10.0,10000.0,0.938,0.139
hermes.p.vmsub.zxpt.pi-.51,1 - 1 - 2021,52.657444,1.117911892771519,1.0,4.47213595499958,0.03758844,0.023,0.047,0.8756005,0.8,1.1,0.2968198,0.25,0.35,0.01787049,0.001512873,0.004876817,0.0005401740184075381,0.0054948304273133245,True,0.1,0.85,10.0,10000.0,0.938,0.139
hermes.p.vmsub.zxpt.pi-.52,1 - 1 - 2021,52.657444,1.117911892771519,1.0,4.47213595499958,0.03758844,0.023,0.047,0.8625979,0.8,1.1,0.4033756,0.35,0.45,0.02289552,0.001682315,0.003093537,0.0006920663642647827,0.005494830427313321,True,0.1,0.85,10.0,10000.0,0.938,0.139
hermes.p.vmsub.zxpt.pi-.53,1 - 1 - 2021,52.657444,1.117911892771519,1.0,4.47213595499958,0.03758844,0.023,0.047,0.8633378,0.8,1.1,0.5154033,0.45,0.6,0.01965475,0.001576854,0.003026938,0.0005941071167212292,0.0036632202848755494,True,0.1,0.85,10.0,10000.0,0.938,0.139
hermes.p.vmsub.zxpt.pi-.54,1 - 1 - 2021,52.657444,1.117911892771519,1.0,4.47213595499958,0.03758844,0.023,0.047,0.8587443,0.8,1.1,0.6939034,0.6,0.8,0.00996235,0.001045108,0.0006983123,0.00030113346820833325,0.0027474152136566605,True,0.1,0.85,10.0,10000.0,0.938,0.139
hermes.p.vmsub.zxpt.pi-.55,1 - 1 - 2021,52.657444,1.117911892771519,1.0,4.47213595499958,0.03758844,0.023,0.047,0.8481465,0.8,1.1,0.9284211,0.8,1.2,0.005545424,0.000659788,0.0003908381,0.0001676223744202651,0.0013737076068283311,True,0.1,0.85,10.0,10000.0,0.938,0.139
hermes.p.vmsub.zxpt.pi-.56,1 - 1 - 2021,52.657444,1.2288104003466116,1.0,4.47213595499958,0.06109764,0.047,0.075,0.1448088,0.1,0.2,0.1042913,0.0,0.15,3.45388,0.04619848,0.2111011,0.08255098412806106,0.005737335878031426,True,0.1,0.85,10.0,10000.0,0.938,0.139
hermes.p.vmsub.zxpt.pi-.57,1 - 1 - 2021,52.657444,1.2288104003466116,1.0,4.47213595499958,0.06109764,0.047,0.075,0.1460035,0.1,0.2,0.2106578,0.15,0.25,6.947725,0.06763331,1.07341,0.16605716938664142,0.008606003817047138,True,0.1,0.85,10.0,10000.0,0.938,0.139
hermes.p.vmsub.zxpt.pi-.58,1 - 1 - 2021,52.657444,1.2288104003466116,1.0,4.47213595499958,0.06109764,0.047,0.075,0.148345,0.1,0.2,0.3126589,0.25,0.35,7.552178,0.06831349,0.4236984,0.18050416523165017,0.00860600381704714,True,0.1,0.85,10.0,10000.0,0.938,0.139
hermes.p.vmsub.zxpt.pi-.59,1 - 1 - 2021,52.657444,1.2288104003466116,1.0,4.47213595499958,0.06109764,0.047,0.075,0.1506585,0.1,0.2,0.4186128,0.35,0.45,5.951945,0.06646111,0.2819428,0.1422570897732673,0.008606003817047134,True,0.1,0.85,10.0,10000.0,0.938,0.139
hermes.p.vmsub.zxpt.pi-.60,1 - 1 - 2021,52.657444,1.2288104003466116,1.0,4.47213595499958,0.06109764,0.047,0.075,0.1540164,0.1,0.2,0.5541303,0.45,0.6,3.480767,0.05601356,0.3913702,0.08319360874450725,0.005737335878031426,True,0.1,0.85,10.0,10000.0,0.938,0.139
hermes.p.vmsub.zxpt.pi-.61,1 - 1 - 2021,52.657444,1.2288104003466116,1.0,4.47213595499958,0.06109764,0.047,0.075,0.1594547,0.1,0.2,0.7513606,0.6,0.8,1.387009,0.05981564,0.1904424,0.033150821089463975,0.004303001908523567,True,0.1,0.85,10.0,10000.0,0.938,0.139
hermes.p.vmsub.zxpt.pi-.62,1 - 1 - 2021,52.657444,1.2292367550638892,1.0,4.47213595499958,0.06109442,0.047,0.075,0.2029049,0.2,0.25,1.206751,0.8,1.2,0.1443738,0.0553614,0.01976517,0.0034506697604745565,0.004303001908523571,True,0.1,0.85,10.0,10000.0,0.938,0.139
hermes.p.vmsub.zxpt.pi-.63,1 - 1 - 2021,52.657444,1.2288104003466116,1.0,4.47213595499958,0.06109764,0.047,0.075,0.2238179,0.2,0.25,0.1007701,0.0,0.15,1.690491,0.03150627,0.08905414,0.04040432664413068,0.011474671756062853,True,0.1,0.85,10.0,10000.0,0.938,0.139
hermes.p.vmsub.zxpt.pi-.64,1 - 1 - 2021,52.657444,1.2288104003466116,1.0,4.47213595499958,0.06109764,0.047,0.075,0.2261151,0.2,0.25,0.2055796,0.15,0.25,3.246577,0.05220018,0.1233875,0.07759624723427799,0.017212007634094282,True,0.1,0.85,10.0,10000.0,0.938,0.139
hermes.p.vmsub.zxpt.pi-.65,1 - 1 - 2021,52.657444,1.2288104003466116,1.0,4.47213595499958,0.06109764,0.047,0.075,0.2273944,0.2,0.25,0.3058954,0.25,0.35,3.740084,0.05789261,0.736108,0.08939152921398981,0.017212007634094285,True,0.1,0.85,10.0,10000.0,0.938,0.139
hermes.p.vmsub.zxpt.pi-.66,1 - 1 - 2021,52.657444,1.2288104003466116,1.0,4.47213595499958,0.06109764,0.047,0.075,0.2282635,0.2,0.25,0.4071821,0.35,0.45,3.436039,0.05294212,0.3764672,0.08212456742920969,0.017212007634094275,True,0.1,0.85,10.0,10000.0,0.938,0.139
hermes.p.vmsub.zxpt.pi-.67,1 - 1 - 2021,52.657444,1.2288104003466116,1.0,4.47213595499958,0.06109764,0.047,0.075,0.2326019,0.2,0.25,0.5383136,0.45,0.6,2.167104,0.035275,0.0878472,0.051795826116673896,0.011474671756062857,True,0.1,0.85,10.0,10000.0,0.938,0.139
hermes.p.vmsub.zxpt.pi-.68,1 - 1 - 2021,52.657444,1.2288104003466116,1.0,4.47213595499958,0.06109764,0.047,0.075,0.2376982,0.2,0.25,0.7228639,0.6,0.8,0.9082475,0.02501154,0.01749538,0.02170797044392137,0.008606003817047138,True,0.1,0.85,10.0,10000.0,0.938,0.139
hermes.p.vmsub.zxpt.pi-.69,1 - 1 - 2021,52.657444,1.2288104003466116,1.0,4.47213595499958,0.06109764,0.047,0.075,0.2470436,0.2,0.25,1.016467,0.8,1.2,0.1698477,0.0150541,0.004968223,0.004059519956364342,0.004303001908523571,True,0.1,0.85,10.0,10000.0,0.938,0.139
hermes.p.vmsub.zxpt.pi-.70,1 - 1 - 2021,52.657444,1.2288104003466116,1.0,4.47213595499958,0.06109764,0.047,0.075,0.2737029,0.25,0.3,0.1008558,0.0,0.15,1.015363,0.02360065,0.05232513,0.02426813175246982,0.011474671756062853,True,0.1,0.85,10.0,10000.0,0.938,0.139
hermes.p.vmsub.zxpt.pi-.71,1 - 1 - 2021,52.657444,1.2288104003466116,1.0,4.47213595499958,0.06109764,0.047,0.075,0.2751344,0.25,0.3,0.2041106,0.15,0.25,2.016026,0.04074827,0.06884191,0.048184919663612644,0.017212007634094282,True,0.1,0.85,10.0,10000.0,0.938,0.139
hermes.p.vmsub.zxpt.pi-.72,1 - 1 - 2021,52.657444,1.2288104003466116,1.0,4.47213595499958,0.06109764,0.047,0.075,0.2762683,0.25,0.3,0.3036591,0.25,0.35,2.42902,0.04721861,0.6138904,0.058055865133340726,0.017212007634094285,True,0.1,0.85,10.0,10000.0,0.938,0.139
hermes.p.vmsub.zxpt.pi-.73,1 - 1 - 2021,52.657444,1.2288104003466116,1.0,4.47213595499958,0.06109764,0.047,0.075,0.2778252,0.25,0.3,0.4056287,0.35,0.45,2.307595,0.04568779,0.3763166,0.05515369330115495,0.017212007634094275,True,0.1,0.85,10.0,10000.0,0.938,0.139
hermes.p.vmsub.zxpt.pi-.74,1 - 1 - 2021,52.657444,1.2288104003466116,1.0,4.47213595499958,0.06109764,0.047,0.075,0.2812356,0.25,0.3,0.532295,0.45,0.6,1.669219,0.02941178,0.1553077,0.039895905814694765,0.011474671756062857,True,0.1,0.85,10.0,10000.0,0.938,0.139
hermes.p.vmsub.zxpt.pi-.75,1 - 1 - 2021,52.657444,1.2288104003466116,1.0,4.47213595499958,0.06109764,0.047,0.075,0.2858259,0.25,0.3,0.713103,0.6,0.8,0.7402683,0.01885292,0.04684486,0.017693109396912092,0.008606003817047138,True,0.1,0.85,10.0,10000.0,0.938,0.139
hermes.p.vmsub.zxpt.pi-.76,1 - 1 - 2021,52.657444,1.2288104003466116,1.0,4.47213595499958,0.06109764,0.047,0.075,0.2910801,0.25,0.3,0.9840368,0.8,1.2,0.1527986,0.008163804,0.009994965,0.0036520304131556253,0.004303001908523571,True,0.1,0.85,10.0,10000.0,0.938,0.139
hermes.p.vmsub.zxpt.pi-.77,1 - 1 - 2021,52.657444,1.2288104003466116,1.0,4.47213595499958,0.06109764,0.047,0.075,0.3345382,0.3,0.375,0.1010232,0.0,0.15,0.6438816,0.01373974,0.08124243,0.015389376510460863,0.007649781170708567,True,0.1,0.85,10.0,10000.0,0.938,0.139
hermes.p.vmsub.zxpt.pi-.78,1 - 1 - 2021,52.657444,1.2288104003466116,1.0,4.47213595499958,0.06109764,0.047,0.075,0.3351228,0.3,0.375,0.2047656,0.15,0.25,1.312445,0.0252691,0.03526361,0.03136867128098055,0.01147467175606285,True,0.1,0.85,10.0,10000.0,0.938,0.139
hermes.p.vmsub.zxpt.pi-.79,1 - 1 - 2021,52.657444,1.2288104003466116,1.0,4.47213595499958,0.06109764,0.047,0.075,0.3380117,0.3,0.375,0.3034515,0.25,0.35,1.552867,0.0285421,0.03480122,0.03711498345917918,0.011474671756062852,True,0.1,0.85,10.0,10000.0,0.938,0.139
hermes.p.vmsub.zxpt.pi-.80,1 - 1 - 2021,52.657444,1.2288104003466116,1.0,4.47213595499958,0.06109764,0.047,0.075,0.3380667,0.3,0.375,0.4025394,0.35,0.45,1.605704,0.0306457,0.3288124,0.03837783750980467,0.011474671756062845,True,0.1,0.85,10.0,10000.0,0.938,0.139
hermes.p.vmsub.zxpt.pi-.81,1 - 1 - 2021,52.657444,1.2288104003466116,1.0,4.47213595499958,0.06109764,0.047,0.075,0.3410524,0.3,0.375,0.5287276,0.45,0.6,1.151814,0.01960023,0.1521309,0.027529439132939915,0.007649781170708567,True,0.1,0.85,10.0,10000.0,0.938,0.139
hermes.p.vmsub.zxpt.pi-.82,1 - 1 - 2021,52.657444,1.2288104003466116,1.0,4.47213595499958,0.06109764,0.047,0.075,0.3416756,0.3,0.375,0.697076,0.6,0.8,0.6159066,0.01187154,0.05602933,0.014720747669568152,0.005737335878031422,True,0.1,0.85,10.0,10000.0,0.938,0.139
hermes.p.vmsub.zxpt.pi-.83,1 - 1 - 2021,52.657444,1.2288104003466116,1.0,4.47213595499958,0.06109764,0.047,0.075,0.3495987,0.3,0.375,0.9590017,0.8,1.2,0.1261678,0.004449143,0.01158384,0.0030155292179439882,0.002868667939015713,True,0.1,0.85,10.0,10000.0,0.938,0.139
hermes.p.vmsub.zxpt.pi-.84,1 - 1 - 2021,52.657444,1.2288104003466116,1.0,4.47213595499958,0.06109764,0.047,0.075,0.4203812,0.375,0.475,0.09965866,0.0,0.15,0.290614,0.007761968,0.009362902,0.006945948238326848,0.005737335878031427,True,0.1,0.85,10.0,10000.0,0.938,0.139
hermes.p.vmsub.zxpt.pi-.85,1 - 1 - 2021,52.657444,1.2288104003466116,1.0,4.47213595499958,0.06109764,0.047,0.075,0.4205517,0.375,0.475,0.2035568,0.15,0.25,0.6277481,0.01422096,0.0171749,0.015003770669369082,0.008606003817047141,True,0.1,0.85,10.0,10000.0,0.938,0.139
hermes.p.vmsub.zxpt.pi-.86,1 - 1 - 2021,52.657444,1.2288104003466116,1.0,4.47213595499958,0.06109764,0.047,0.075,0.4226551,0.375,0.475,0.3022211,0.25,0.35,0.7964434,0.016962,0.01821098,0.019035747180648717,0.008606003817047143,True,0.1,0.85,10.0,10000.0,0.938,0.139
hermes.p.vmsub.zxpt.pi-.87,1 - 1 - 2021,52.657444,1.2288104003466116,1.0,4.47213595499958,0.06109764,0.047,0.075,0.4235563,0.375,0.475,0.4031503,0.35,0.45,0.8122085,0.01802498,0.1642956,0.01941254791485989,0.008606003817047138,True,0.1,0.85,10.0,10000.0,0.938,0.139
hermes.p.vmsub.zxpt.pi-.88,1 - 1 - 2021,52.657444,1.2288104003466116,1.0,4.47213595499958,0.06109764,0.047,0.075,0.4263696,0.375,0.475,0.5259415,0.45,0.6,0.6935062,0.01356177,0.08968566,0.016575451176332686,0.0057373358780314285,True,0.1,0.85,10.0,10000.0,0.938,0.139
hermes.p.vmsub.zxpt.pi-.89,1 - 1 - 2021,52.657444,1.2288104003466116,1.0,4.47213595499958,0.06109764,0.047,0.075,0.4277857,0.375,0.475,0.6967188,0.6,0.8,0.4030749,0.008383964,0.03335868,0.009633869640033758,0.004303001908523569,True,0.1,0.85,10.0,10000.0,0.938,0.139
hermes.p.vmsub.zxpt.pi-.90,1 - 1 - 2021,52.657444,1.2288104003466116,1.0,4.47213595499958,0.06109764,0.047,0.075,0.4352562,0.375,0.475,0.9539559,0.8,1.2,0.1007589,0.002883871,0.008368167,0.0024082325832573484,0.0021515009542617857,True,0.1,0.85,10.0,10000.0,0.938,0.139
hermes.p.vmsub.zxpt.pi-.91,1 - 1 - 2021,52.657444,1.2288104003466116,1.0,4.47213595499958,0.06109764,0.047,0.075,0.5306731,0.475,0.6,0.1017949,0.0,0.15,0.1468955,0.004777488,0.003896773,0.003510940764874169,0.004589868702425141,True,0.1,0.85,10.0,10000.0,0.938,0.139
hermes.p.vmsub.zxpt.pi-.92,1 - 1 - 2021,52.657444,1.2288104003466116,1.0,4.47213595499958,0.06109764,0.047,0.075,0.5341231,0.475,0.6,0.2038984,0.15,0.25,0.3175026,0.008609084,0.01538794,0.007588611096279581,0.006884803053637711,True,0.1,0.85,10.0,10000.0,0.938,0.139
hermes.p.vmsub.zxpt.pi-.93,1 - 1 - 2021,52.657444,1.2288104003466116,1.0,4.47213595499958,0.06109764,0.047,0.075,0.5340819,0.475,0.6,0.3029521,0.25,0.35,0.3960326,0.009998273,0.0713771,0.009465552039096539,0.0068848030536377116,True,0.1,0.85,10.0,10000.0,0.938,0.139
hermes.p.vmsub.zxpt.pi-.94,1 - 1 - 2021,52.657444,1.2288104003466116,1.0,4.47213595499958,0.06109764,0.047,0.075,0.5357603,0.475,0.6,0.4018593,0.35,0.45,0.4234031,0.01063788,0.0411544,0.010119732760799983,0.006884803053637708,True,0.1,0.85,10.0,10000.0,0.938,0.139
hermes.p.vmsub.zxpt.pi-.95,1 - 1 - 2021,52.657444,1.2288104003466116,1.0,4.47213595499958,0.06109764,0.047,0.075,0.5356029,0.475,0.6,0.522994,0.45,0.6,0.3562518,0.008300103,0.01180269,0.008514753462017553,0.004589868702425141,True,0.1,0.85,10.0,10000.0,0.938,0.139
hermes.p.vmsub.zxpt.pi-.96,1 - 1 - 2021,52.657444,1.2288104003466116,1.0,4.47213595499958,0.06109764,0.047,0.075,0.5365211,0.475,0.6,0.6913482,0.6,0.8,0.2408064,0.005983974,0.01187261,0.005755499700144626,0.003442401526818854,True,0.1,0.85,10.0,10000.0,0.938,0.139
hermes.p.vmsub.zxpt.pi-.97,1 - 1 - 2021,52.657444,1.2288104003466116,1.0,4.47213595499958,0.06109764,0.047,0.075,0.5407959,0.475,0.6,0.9437801,0.8,1.2,0.072077,0.002109901,0.003831843,0.0017227081667568812,0.0017212007634094279,True,0.1,0.85,10.0,10000.0,0.938,0.139
hermes.p.vmsub.zxpt.pi-.98,1 - 1 - 2021,52.657444,1.2288104003466116,1.0,4.47213595499958,0.06109764,0.047,0.075,0.6912462,0.6,0.8,0.1006646,0.0,0.15,0.05923368,0.002049118,0.004047314,0.0014157407256553925,0.0028686679390157116,True,0.1,0.85,10.0,10000.0,0.938,0.139
hermes.p.vmsub.zxpt.pi-.99,1 - 1 - 2021,52.657444,1.2288104003466116,1.0,4.47213595499958,0.06109764,0.047,0.075,0.6937286,0.6,0.8,0.2034628,0.15,0.25,0.1219662,0.003669458,0.01262344,0.002915107021772592,0.004303001908523568,True,0.1,0.85,10.0,10000.0,0.938,0.139
hermes.p.vmsub.zxpt.pi-.100,1 - 1 - 2021,52.657444,1.2288104003466116,1.0,4.47213595499958,0.06109764,0.047,0.075,0.6925913,0.6,0.8,0.3007179,0.25,0.35,0.1842807,0.004781453,0.03881561,0.004404482246287648,0.004303001908523569,True,0.1,0.85,10.0,10000.0,0.938,0.139
hermes.p.vmsub.zxpt.pi-.101,1 - 1 - 2021,52.657444,1.2288104003466116,1.0,4.47213595499958,0.06109764,0.047,0.075,0.6867716,0.6,0.8,0.4011502,0.35,0.45,0.1896932,0.004940748,0.05368465,0.0045338460926265855,0.004303001908523566,True,0.1,0.85,10.0,10000.0,0.938,0.139
hermes.p.vmsub.zxpt.pi-.102,1 - 1 - 2021,52.657444,1.2288104003466116,1.0,4.47213595499958,0.06109764,0.047,0.075,0.6889838,0.6,0.8,0.5192567,0.45,0.6,0.1641815,0.003764768,0.01248479,0.003924092441144816,0.0028686679390157125,True,0.1,0.85,10.0,10000.0,0.938,0.139
hermes.p.vmsub.zxpt.pi-.103,1 - 1 - 2021,52.657444,1.2288104003466116,1.0,4.47213595499958,0.06109764,0.047,0.075,0.6865615,0.6,0.8,0.6890118,0.6,0.8,0.09666837,0.002794402,0.006735602,0.0023104650646680065,0.002151500954261783,True,0.1,0.85,10.0,10000.0,0.938,0.139
hermes.p.vmsub.zxpt.pi-.104,1 - 1 - 2021,52.657444,1.2288104003466116,1.0,4.47213595499958,0.06109764,0.047,0.075,0.6872015,0.6,0.8,0.9398499,0.8,1.2,0.03927048,0.001251378,0.002755004,0.0009386014485683751,0.0010757504771308922,True,0.1,0.85,10.0,10000.0,0.938,0.139
hermes.p.vmsub.zxpt.pi-.105,1 - 1 - 2021,52.657444,1.2288104003466116,1.0,4.47213595499958,0.06109764,0.047,0.075,0.8899017,0.8,1.1,0.09830213,0.0,0.15,0.01577179,0.0005509648,0.00105183,0.00037696063151039185,0.0019124452926771417,True,0.1,0.85,10.0,10000.0,0.938,0.139
hermes.p.vmsub.zxpt.pi-.106,1 - 1 - 2021,52.657444,1.2288104003466116,1.0,4.47213595499958,0.06109764,0.047,0.075,0.8818841,0.8,1.1,0.2019586,0.15,0.25,0.02448038,0.0009287557,0.002525515,0.0005851041324043983,0.0028686679390157125,True,0.1,0.85,10.0,10000.0,0.938,0.139
hermes.p.vmsub.zxpt.pi-.107,1 - 1 - 2021,52.657444,1.2288104003466116,1.0,4.47213595499958,0.06109764,0.047,0.075,0.8745557,0.8,1.1,0.2976572,0.25,0.35,0.03031992,0.001114359,0.00640442,0.0007246746368385934,0.002868667939015713,True,0.1,0.85,10.0,10000.0,0.938,0.139
hermes.p.vmsub.zxpt.pi-.108,1 - 1 - 2021,52.657444,1.2288104003466116,1.0,4.47213595499958,0.06109764,0.047,0.075,0.8671551,0.8,1.1,0.3997915,0.35,0.45,0.02367413,0.001159107,0.006709033,0.0005658339982499838,0.002868667939015711,True,0.1,0.85,10.0,10000.0,0.938,0.139
hermes.p.vmsub.zxpt.pi-.109,1 - 1 - 2021,52.657444,1.2288104003466116,1.0,4.47213595499958,0.06109764,0.047,0.075,0.8692246,0.8,1.1,0.5163986,0.45,0.6,0.02281167,0.001084196,0.001797493,0.0005452203921689712,0.0019124452926771417,True,0.1,0.85,10.0,10000.0,0.938,0.139
hermes.p.vmsub.zxpt.pi-.110,1 - 1 - 2021,52.657444,1.2288104003466116,1.0,4.47213595499958,0.06109764,0.047,0.075,0.863829,0.8,1.1,0.6813995,0.6,0.8,0.01179909,0.0007871666,0.0008484012,0.0002820093608682305,0.0014343339695078556,True,0.1,0.85,10.0,10000.0,0.938,0.139
hermes.p.vmsub.zxpt.pi-.111,1 - 1 - 2021,52.657444,1.2288104003466116,1.0,4.47213595499958,0.06109764,0.047,0.075,0.8655437,0.8,1.1,0.9214729,0.8,1.2,0.003411452,0.0003402838,0.0002411958,8.153691497841331e-05,0.0007171669847539282,True,0.1,0.85,10.0,10000.0,0.938,0.139
hermes.p.vmsub.zxpt.pi-.112,1 - 1 - 2021,52.657444,1.3493231636639162,1.0,4.47213595499958,0.09573812,0.075,0.12,0.1422039,0.1,0.2,0.1017217,0.0,0.15,3.036977,0.04294241,0.2545447,0.04707990648336047,0.003921256161345701,True,0.1,0.85,10.0,10000.0,0.938,0.139
hermes.p.vmsub.zxpt.pi-.113,1 - 1 - 2021,52.657444,1.3493231636639162,1.0,4.47213595499958,0.09573812,0.075,0.12,0.1431357,0.1,0.2,0.2047015,0.15,0.25,6.25034,0.07416595,1.50838,0.0968941887571777,0.0058818842420185515,True,0.1,0.85,10.0,10000.0,0.938,0.139
hermes.p.vmsub.zxpt.pi-.114,1 - 1 - 2021,52.657444,1.3493231636639162,1.0,4.47213595499958,0.09573812,0.075,0.12,0.1452705,0.1,0.2,0.3053796,0.25,0.35,6.525486,0.07404546,0.820547,0.10115956447430388,0.005881884242018552,True,0.1,0.85,10.0,10000.0,0.938,0.139
hermes.p.vmsub.zxpt.pi-.115,1 - 1 - 2021,52.657444,1.3493231636639162,1.0,4.47213595499958,0.09573812,0.075,0.12,0.146431,0.1,0.2,0.4056413,0.35,0.45,5.039637,0.06895253,0.1981528,0.0781255961668736,0.005881884242018549,True,0.1,0.85,10.0,10000.0,0.938,0.139
hermes.p.vmsub.zxpt.pi-.116,1 - 1 - 2021,52.657444,1.3493231636639162,1.0,4.47213595499958,0.09573812,0.075,0.12,0.1460415,0.1,0.2,0.5286145,0.45,0.6,3.010518,0.05715731,0.2076025,0.046669733062342386,0.003921256161345701,True,0.1,0.85,10.0,10000.0,0.938,0.139
hermes.p.vmsub.zxpt.pi-.117,1 - 1 - 2021,52.657444,1.3493231636639162,1.0,4.47213595499958,0.09573812,0.075,0.12,0.151025,0.1,0.2,0.6990824,0.6,0.8,1.063247,0.05638401,0.1109658,0.016482696223485912,0.0029409421210092744,True,0.1,0.85,10.0,10000.0,0.938,0.139
hermes.p.vmsub.zxpt.pi-.118,1 - 1 - 2021,52.657444,1.3493231636639162,1.0,4.47213595499958,0.09573812,0.075,0.12,0.1546509,0.1,0.2,0.8888896,0.8,1.2,0.09897367,0.03541021,0.01035739,0.0015343122874868593,0.001470471060504638,True,0.1,0.85,10.0,10000.0,0.938,0.139
hermes.p.vmsub.zxpt.pi-.119,1 - 1 - 2021,52.657444,1.3493231636639162,1.0,4.47213595499958,0.09573812,0.075,0.12,0.2232183,0.2,0.25,0.1006469,0.0,0.15,1.363799,0.02624638,0.203362,0.02114192151672552,0.007842512322691404,True,0.1,0.85,10.0,10000.0,0.938,0.139
hermes.p.vmsub.zxpt.pi-.120,1 - 1 - 2021,52.657444,1.3493231636639162,1.0,4.47213595499958,0.09573812,0.075,0.12,0.2241254,0.2,0.25,0.2034049,0.15,0.25,2.853186,0.05139707,0.146301,0.04423073670285726,0.011763768484037106,True,0.1,0.85,10.0,10000.0,0.938,0.139
hermes.p.vmsub.zxpt.pi-.121,1 - 1 - 2021,52.657444,1.3493231636639162,1.0,4.47213595499958,0.09573812,0.075,0.12,0.2245165,0.2,0.25,0.3013917,0.25,0.35,3.294509,0.0605503,0.8795008,0.05107222597622222,0.011763768484037108,True,0.1,0.85,10.0,10000.0,0.938,0.139
hermes.p.vmsub.zxpt.pi-.122,1 - 1 - 2021,52.657444,1.3493231636639162,1.0,4.47213595499958,0.09573812,0.075,0.12,0.2259766,0.2,0.25,0.4017832,0.35,0.45,2.765418,0.05353427,0.4937842,0.04287013725405288,0.011763768484037101,True,0.1,0.85,10.0,10000.0,0.938,0.139
hermes.p.vmsub.zxpt.pi-.123,1 - 1 - 2021,52.657444,1.3493231636639162,1.0,4.47213595499958,0.09573812,0.075,0.12,0.2269704,0.2,0.25,0.5227084,0.45,0.6,1.776996,0.0339829,0.1907768,0.027547395156863427,0.007842512322691406,True,0.1,0.85,10.0,10000.0,0.938,0.139
hermes.p.vmsub.zxpt.pi-.124,1 - 1 - 2021,52.657444,1.3493231636639162,1.0,4.47213595499958,0.09573812,0.075,0.12,0.2295074,0.2,0.25,0.6952305,0.6,0.8,0.7003155,0.02359699,0.05261773,0.010856449768584955,0.005881884242018551,True,0.1,0.85,10.0,10000.0,0.938,0.139
hermes.p.vmsub.zxpt.pi-.125,1 - 1 - 2021,52.657444,1.3493231636639162,1.0,4.47213595499958,0.09573812,0.075,0.12,0.2419427,0.2,0.25,0.9774463,0.8,1.2,0.1354578,0.0135139,0.01055624,0.0020998975482664985,0.002940942121009277,True,0.1,0.85,10.0,10000.0,0.938,0.139
hermes.p.vmsub.zxpt.pi-.126,1 - 1 - 2021,52.657444,1.3493231636639162,1.0,4.47213595499958,0.09573812,0.075,0.12,0.2738507,0.25,0.3,0.0999991,0.0,0.15,0.9645312,0.02034453,0.1003286,0.0149523814952446,0.007842512322691404,True,0.1,0.85,10.0,10000.0,0.938,0.139
hermes.p.vmsub.zxpt.pi-.127,1 - 1 - 2021,52.657444,1.3493231636639162,1.0,4.47213595499958,0.09573812,0.075,0.12,0.2744522,0.25,0.3,0.2040116,0.15,0.25,1.886449,0.03890999,0.09635624,0.029244160395560742,0.011763768484037106,True,0.1,0.85,10.0,10000.0,0.938,0.139
hermes.p.vmsub.zxpt.pi-.128,1 - 1 - 2021,52.657444,1.3493231636639162,1.0,4.47213595499958,0.09573812,0.075,0.12,0.2749706,0.25,0.3,0.3017352,0.25,0.35,2.211227,0.04775167,0.07188731,0.034278942637195386,0.011763768484037108,True,0.1,0.85,10.0,10000.0,0.938,0.139
hermes.p.vmsub.zxpt.pi-.129,1 - 1 - 2021,52.657444,1.3493231636639162,1.0,4.47213595499958,0.09573812,0.075,0.12,0.2753837,0.25,0.3,0.400564,0.35,0.45,2.130765,0.04740488,0.4986145,0.033031602457976324,0.011763768484037101,True,0.1,0.85,10.0,10000.0,0.938,0.139
hermes.p.vmsub.zxpt.pi-.130,1 - 1 - 2021,52.657444,1.3493231636639162,1.0,4.47213595499958,0.09573812,0.075,0.12,0.2767121,0.25,0.3,0.5227738,0.45,0.6,1.368496,0.02851471,0.2205878,0.02121473547638091,0.007842512322691406,True,0.1,0.85,10.0,10000.0,0.938,0.139
hermes.p.vmsub.zxpt.pi-.131,1 - 1 - 2021,52.657444,1.3493231636639162,1.0,4.47213595499958,0.09573812,0.075,0.12,0.2771085,0.25,0.3,0.6907729,0.6,0.8,0.6402803,0.01790739,0.07978309,0.00992577047739841,0.005881884242018551,True,0.1,0.85,10.0,10000.0,0.938,0.139
hermes.p.vmsub.zxpt.pi-.132,1 - 1 - 2021,52.657444,1.3493231636639162,1.0,4.47213595499958,0.09573812,0.075,0.12,0.2817015,0.25,0.3,0.9393367,0.8,1.2,0.09699383,0.006956236,0.01235494,0.0015036203586207481,0.002940942121009277,True,0.1,0.85,10.0,10000.0,0.938,0.139
hermes.p.vmsub.zxpt.pi-.133,1 - 1 - 2021,52.657444,1.3493231636639162,1.0,4.47213595499958,0.09573812,0.075,0.12,0.3338796,0.3,0.375,0.1013336,0.0,0.15,0.5830624,0.011911,0.04673355,0.009038765610000905,0.005228341548460934,True,0.1,0.85,10.0,10000.0,0.938,0.139
hermes.p.vmsub.zxpt.pi-.134,1 - 1 - 2021,52.657444,1.3493231636639162,1.0,4.47213595499958,0.09573812,0.075,0.12,0.3346013,0.3,0.375,0.202768,0.15,0.25,1.216689,0.02234614,0.05374045,0.018861388920407816,0.0078425123226914,True,0.1,0.85,10.0,10000.0,0.938,0.139
hermes.p.vmsub.zxpt.pi-.135,1 - 1 - 2021,52.657444,1.3493231636639162,1.0,4.47213595499958,0.09573812,0.075,0.12,0.3354633,0.3,0.375,0.3014741,0.25,0.35,1.445095,0.0275419,0.03894341,0.022402190553162504,0.007842512322691403,True,0.1,0.85,10.0,10000.0,0.938,0.139
hermes.p.vmsub.zxpt.pi-.136,1 - 1 - 2021,52.657444,1.3493231636639162,1.0,4.47213595499958,0.09573812,0.075,0.12,0.3361361,0.3,0.375,0.3999726,0.35,0.45,1.392124,0.03021606,0.3744279,0.021581022093101695,0.007842512322691397,True,0.1,0.85,10.0,10000.0,0.938,0.139
hermes.p.vmsub.zxpt.pi-.137,1 - 1 - 2021,52.657444,1.3493231636639162,1.0,4.47213595499958,0.09573812,0.075,0.12,0.337499,0.3,0.375,0.5220339,0.45,0.6,1.044694,0.01993068,0.2035085,0.016195083408181158,0.005228341548460934,True,0.1,0.85,10.0,10000.0,0.938,0.139
hermes.p.vmsub.zxpt.pi-.138,1 - 1 - 2021,52.657444,1.3493231636639162,1.0,4.47213595499958,0.09573812,0.075,0.12,0.339237,0.3,0.375,0.6903715,0.6,0.8,0.4797466,0.01106065,0.07585375,0.007437140638111564,0.003921256161345699,True,0.1,0.85,10.0,10000.0,0.938,0.139
hermes.p.vmsub.zxpt.pi-.139,1 - 1 - 2021,52.657444,1.3493231636639162,1.0,4.47213595499958,0.09573812,0.075,0.12,0.3464755,0.3,0.375,0.9478565,0.8,1.2,0.08813592,0.003851006,0.01397631,0.0013663030281180727,0.0019606280806728506,True,0.1,0.85,10.0,10000.0,0.938,0.139
hermes.p.vmsub.zxpt.pi-.140,1 - 1 - 2021,52.657444,1.3493231636639162,1.0,4.47213595499958,0.09573812,0.075,0.12,0.4203954,0.375,0.475,0.09992146,0.0,0.15,0.3060634,0.007369717,0.03450039,0.0047446642664660775,0.003921256161345702,True,0.1,0.85,10.0,10000.0,0.938,0.139
hermes.p.vmsub.zxpt.pi-.141,1 - 1 - 2021,52.657444,1.3493231636639162,1.0,4.47213595499958,0.09573812,0.075,0.12,0.4192583,0.375,0.475,0.2035124,0.15,0.25,0.6826081,0.01347845,0.02193731,0.010581945636329934,0.005881884242018553,True,0.1,0.85,10.0,10000.0,0.938,0.139
hermes.p.vmsub.zxpt.pi-.142,1 - 1 - 2021,52.657444,1.3493231636639162,1.0,4.47213595499958,0.09573812,0.075,0.12,0.4211666,0.375,0.475,0.3002826,0.25,0.35,0.7740782,0.01623055,0.01345206,0.011999935879266786,0.005881884242018554,True,0.1,0.85,10.0,10000.0,0.938,0.139
hermes.p.vmsub.zxpt.pi-.143,1 - 1 - 2021,52.657444,1.3493231636639162,1.0,4.47213595499958,0.09573812,0.075,0.12,0.4209714,0.375,0.475,0.4011082,0.35,0.45,0.7464837,0.01773768,0.1931027,0.011572159679626454,0.005881884242018551,True,0.1,0.85,10.0,10000.0,0.938,0.139
hermes.p.vmsub.zxpt.pi-.144,1 - 1 - 2021,52.657444,1.3493231636639162,1.0,4.47213595499958,0.09573812,0.075,0.12,0.4224085,0.375,0.475,0.5215942,0.45,0.6,0.6413216,0.01389213,0.1188896,0.00994191294624856,0.003921256161345703,True,0.1,0.85,10.0,10000.0,0.938,0.139
hermes.p.vmsub.zxpt.pi-.145,1 - 1 - 2021,52.657444,1.3493231636639162,1.0,4.47213595499958,0.09573812,0.075,0.12,0.4254597,0.375,0.475,0.6900669,0.6,0.8,0.3609187,0.008484969,0.05238939,0.005595043572636879,0.0029409421210092753,True,0.1,0.85,10.0,10000.0,0.938,0.139
hermes.p.vmsub.zxpt.pi-.146,1 - 1 - 2021,52.657444,1.3493231636639162,1.0,4.47213595499958,0.09573812,0.075,0.12,0.4244558,0.375,0.475,0.9264976,0.8,1.2,0.07709753,0.002601759,0.01120387,0.0011951834019480814,0.0014704710605046385,True,0.1,0.85,10.0,10000.0,0.938,0.139
hermes.p.vmsub.zxpt.pi-.147,1 - 1 - 2021,52.657444,1.3493231636639162,1.0,4.47213595499958,0.09573812,0.075,0.12,0.5337507,0.475,0.6,0.101374,0.0,0.15,0.1611338,0.004723622,0.006227883,0.0024979327256375366,0.003137004929076561,True,0.1,0.85,10.0,10000.0,0.938,0.139
hermes.p.vmsub.zxpt.pi-.148,1 - 1 - 2021,52.657444,1.3493231636639162,1.0,4.47213595499958,0.09573812,0.075,0.12,0.530608,0.475,0.6,0.2027557,0.15,0.25,0.2956902,0.008005618,0.01437727,0.004583856566594398,0.004705507393614841,True,0.1,0.85,10.0,10000.0,0.938,0.139
hermes.p.vmsub.zxpt.pi-.149,1 - 1 - 2021,52.657444,1.3493231636639162,1.0,4.47213595499958,0.09573812,0.075,0.12,0.5324026,0.475,0.6,0.3005564,0.25,0.35,0.3888079,0.009790245,0.0911978,0.0060273882785387475,0.0047055073936148415,True,0.1,0.85,10.0,10000.0,0.938,0.139
hermes.p.vmsub.zxpt.pi-.150,1 - 1 - 2021,52.657444,1.3493231636639162,1.0,4.47213595499958,0.09573812,0.075,0.12,0.5323928,0.475,0.6,0.4006197,0.35,0.45,0.3935278,0.01104466,0.05980667,0.006100557239189688,0.004705507393614839,True,0.1,0.85,10.0,10000.0,0.938,0.139
hermes.p.vmsub.zxpt.pi-.151,1 - 1 - 2021,52.657444,1.3493231636639162,1.0,4.47213595499958,0.09573812,0.075,0.12,0.5346427,0.475,0.6,0.5222905,0.45,0.6,0.3554873,0.008904972,0.02738458,0.005510844777560814,0.003137004929076561,True,0.1,0.85,10.0,10000.0,0.938,0.139
hermes.p.vmsub.zxpt.pi-.152,1 - 1 - 2021,52.657444,1.3493231636639162,1.0,4.47213595499958,0.09573812,0.075,0.12,0.5351212,0.475,0.6,0.6906091,0.6,0.8,0.2146479,0.006253132,0.006864243,0.0033275204451168744,0.0023527536968074195,True,0.1,0.85,10.0,10000.0,0.938,0.139
hermes.p.vmsub.zxpt.pi-.153,1 - 1 - 2021,52.657444,1.3493231636639162,1.0,4.47213595499958,0.09573812,0.075,0.12,0.5362819,0.475,0.6,0.9367222,0.8,1.2,0.05198412,0.001913631,0.001688446,0.0008058696223974659,0.0011763768484037104,True,0.1,0.85,10.0,10000.0,0.938,0.139
hermes.p.vmsub.zxpt.pi-.154,1 - 1 - 2021,52.657444,1.3493231636639162,1.0,4.47213595499958,0.09573812,0.075,0.12,0.6939297,0.6,0.8,0.1011101,0.0,0.15,0.06123214,0.002314273,0.007327966,0.0009492345266283004,0.0019606280806728498,True,0.1,0.85,10.0,10000.0,0.938,0.139
hermes.p.vmsub.zxpt.pi-.155,1 - 1 - 2021,52.657444,1.3493231636639162,1.0,4.47213595499958,0.09573812,0.075,0.12,0.6943033,0.6,0.8,0.2035382,0.15,0.25,0.1583503,0.004380514,0.00591989,0.0024547822771170394,0.002940942121009275,True,0.1,0.85,10.0,10000.0,0.938,0.139
hermes.p.vmsub.zxpt.pi-.156,1 - 1 - 2021,52.657444,1.3493231636639162,1.0,4.47213595499958,0.09573812,0.075,0.12,0.6932585,0.6,0.8,0.3005247,0.25,0.35,0.1761239,0.005015783,0.02500264,0.002730312656791517,0.0029409421210092753,True,0.1,0.85,10.0,10000.0,0.938,0.139
hermes.p.vmsub.zxpt.pi-.157,1 - 1 - 2021,52.657444,1.3493231636639162,1.0,4.47213595499958,0.09573812,0.075,0.12,0.6892894,0.6,0.8,0.3986339,0.35,0.45,0.1850336,0.005196848,0.04200213,0.0028684328476243077,0.0029409421210092736,True,0.1,0.85,10.0,10000.0,0.938,0.139
hermes.p.vmsub.zxpt.pi-.158,1 - 1 - 2021,52.657444,1.3493231636639162,1.0,4.47213595499958,0.09573812,0.075,0.12,0.6855036,0.6,0.8,0.5219962,0.45,0.6,0.1562128,0.004184576,0.04270495,0.0024216462671610268,0.00196062808067285,True,0.1,0.85,10.0,10000.0,0.938,0.139
hermes.p.vmsub.zxpt.pi-.159,1 - 1 - 2021,52.657444,1.3493231636639162,1.0,4.47213595499958,0.09573812,0.075,0.12,0.6854989,0.6,0.8,0.6881606,0.6,0.8,0.1049854,0.003185118,0.00558252,0.0016275074898881988,0.0014704710605046368,True,0.1,0.85,10.0,10000.0,0.938,0.139
hermes.p.vmsub.zxpt.pi-.160,1 - 1 - 2021,52.657444,1.3493231636639162,1.0,4.47213595499958,0.09573812,0.075,0.12,0.6864712,0.6,0.8,0.9339931,0.8,1.2,0.03264495,0.00124795,0.001696857,0.0005060694213864571,0.0007352355302523188,True,0.1,0.85,10.0,10000.0,0.938,0.139
hermes.p.vmsub.zxpt.pi-.161,1 - 1 - 2021,52.657444,1.3493231636639162,1.0,4.47213595499958,0.09573812,0.075,0.12,0.8886837,0.8,1.1,0.09878441,0.0,0.15,0.02360684,0.0007966172,0.002808215,0.00036595858960000466,0.0013070853871152335,True,0.1,0.85,10.0,10000.0,0.938,0.139
hermes.p.vmsub.zxpt.pi-.162,1 - 1 - 2021,52.657444,1.3493231636639162,1.0,4.47213595499958,0.09573812,0.075,0.12,0.8890815,0.8,1.1,0.2027826,0.15,0.25,0.05178921,0.001715239,0.002043799,0.0008028480833562839,0.00196062808067285,True,0.1,0.85,10.0,10000.0,0.938,0.139
hermes.p.vmsub.zxpt.pi-.163,1 - 1 - 2021,52.657444,1.3493231636639162,1.0,4.47213595499958,0.09573812,0.075,0.12,0.8801299,0.8,1.1,0.2974968,0.25,0.35,0.0440876,0.001738507,0.006333274,0.0006834559777949596,0.0019606280806728506,True,0.1,0.85,10.0,10000.0,0.938,0.139
hermes.p.vmsub.zxpt.pi-.164,1 - 1 - 2021,52.657444,1.3493231636639162,1.0,4.47213595499958,0.09573812,0.075,0.12,0.8718207,0.8,1.1,0.3968978,0.35,0.45,0.03844032,0.001731481,0.008726175,0.0005959105619800384,0.0019606280806728493,True,0.1,0.85,10.0,10000.0,0.938,0.139
hermes.p.vmsub.zxpt.pi-.165,1 - 1 - 2021,52.657444,1.3493231636639162,1.0,4.47213595499958,0.09573812,0.075,0.12,0.8663398,0.8,1.1,0.5187524,0.45,0.6,0.02977422,0.001222813,0.008140266,0.00046156671361521705,0.0013070853871152335,True,0.1,0.85,10.0,10000.0,0.938,0.139
hermes.p.vmsub.zxpt.pi-.166,1 - 1 - 2021,52.657444,1.3493231636639162,1.0,4.47213595499958,0.09573812,0.075,0.12,0.8636517,0.8,1.1,0.6825708,0.6,0.8,0.01553828,0.0009283142,0.0007842939,0.00024087794188506212,0.0009803140403364247,True,0.1,0.85,10.0,10000.0,0.938,0.139
hermes.p.vmsub.zxpt.pi-.167,1 - 1 - 2021,52.657444,1.3493231636639162,1.0,4.47213595499958,0.09573812,0.075,0.12,0.8507021,0.8,1.1,0.9454211,0.8,1.2,0.004210836,0.0004039844,0.0002190188,6.527733502649762e-05,0.0004901570201682127,True,0.1,0.85,10.0,10000.0,0.938,0.139
hermes.p.vmsub.zxpt.pi-.168,1 - 1 - 2021,52.657444,1.6957122397388067,1.0,4.47213595499958,0.1522067,0.12,0.2,0.1405542,0.1,0.2,0.1023568,0.0,0.15,3.023364,0.050902,0.3124742,0.03231076340851201,0.004600897495496089,True,0.1,0.85,10.0,10000.0,0.938,0.139
hermes.p.vmsub.zxpt.pi-.169,1 - 1 - 2021,52.657444,1.6957122397388067,1.0,4.47213595499958,0.1522067,0.12,0.2,0.1415395,0.1,0.2,0.2031415,0.15,0.25,5.827211,0.09603903,1.56691,0.062275543385605786,0.006901346243244132,True,0.1,0.85,10.0,10000.0,0.938,0.139
hermes.p.vmsub.zxpt.pi-.170,1 - 1 - 2021,52.657444,1.6957122397388067,1.0,4.47213595499958,0.1522067,0.12,0.2,0.1431651,0.1,0.2,0.3002996,0.25,0.35,6.149853,0.1041962,0.9722365,0.06572362615951231,0.006901346243244133,True,0.1,0.85,10.0,10000.0,0.938,0.139
hermes.p.vmsub.zxpt.pi-.171,1 - 1 - 2021,52.657444,1.6957122397388067,1.0,4.47213595499958,0.1522067,0.12,0.2,0.1447781,0.1,0.2,0.3994459,0.35,0.45,4.759875,0.09229721,0.36166,0.0508688980152873,0.00690134624324413,True,0.1,0.85,10.0,10000.0,0.938,0.139
hermes.p.vmsub.zxpt.pi-.172,1 - 1 - 2021,52.657444,1.6957122397388067,1.0,4.47213595499958,0.1522067,0.12,0.2,0.1431139,0.1,0.2,0.5192516,0.45,0.6,2.838796,0.0734714,0.1757691,0.03033828077632407,0.004600897495496089,True,0.1,0.85,10.0,10000.0,0.938,0.139
hermes.p.vmsub.zxpt.pi-.173,1 - 1 - 2021,52.657444,1.6957122397388067,1.0,4.47213595499958,0.1522067,0.12,0.2,0.1485154,0.1,0.2,0.6830829,0.6,0.8,0.9005095,0.06703718,0.08954888,0.009623766573134244,0.003450673121622065,True,0.1,0.85,10.0,10000.0,0.938,0.139
hermes.p.vmsub.zxpt.pi-.174,1 - 1 - 2021,52.657444,1.6957122397388067,1.0,4.47213595499958,0.1522067,0.12,0.2,0.1599715,0.1,0.2,0.8906782,0.8,1.2,0.124997,0.04599284,0.0122742,0.001335845929823129,0.0017253365608110333,True,0.1,0.85,10.0,10000.0,0.938,0.139
hermes.p.vmsub.zxpt.pi-.175,1 - 1 - 2021,52.657444,1.6957122397388067,1.0,4.47213595499958,0.1522067,0.12,0.2,0.223406,0.2,0.25,0.1019542,0.0,0.15,1.330008,0.0300038,0.1997088,0.014213827319313269,0.00920179499099218,True,0.1,0.85,10.0,10000.0,0.938,0.139
hermes.p.vmsub.zxpt.pi-.176,1 - 1 - 2021,52.657444,1.6957122397388067,1.0,4.47213595499958,0.1522067,0.12,0.2,0.2229413,0.2,0.25,0.202597,0.15,0.25,2.776753,0.0606874,0.1975058,0.029675225750811326,0.013802692486488268,True,0.1,0.85,10.0,10000.0,0.938,0.139
hermes.p.vmsub.zxpt.pi-.177,1 - 1 - 2021,52.657444,1.6957122397388067,1.0,4.47213595499958,0.1522067,0.12,0.2,0.2240738,0.2,0.25,0.3001728,0.25,0.35,3.391924,0.07852302,0.2056512,0.03624957294710583,0.013802692486488272,True,0.1,0.85,10.0,10000.0,0.938,0.139
hermes.p.vmsub.zxpt.pi-.178,1 - 1 - 2021,52.657444,1.6957122397388067,1.0,4.47213595499958,0.1522067,0.12,0.2,0.2242283,0.2,0.25,0.3993799,0.35,0.45,2.668218,0.07193899,0.5588818,0.028515309608877094,0.013802692486488263,True,0.1,0.85,10.0,10000.0,0.938,0.139
hermes.p.vmsub.zxpt.pi-.179,1 - 1 - 2021,52.657444,1.6957122397388067,1.0,4.47213595499958,0.1522067,0.12,0.2,0.2248536,0.2,0.25,0.5170209,0.45,0.6,1.809479,0.04500629,0.2497389,0.019337945368692256,0.009201794990992182,True,0.1,0.85,10.0,10000.0,0.938,0.139
hermes.p.vmsub.zxpt.pi-.180,1 - 1 - 2021,52.657444,1.6957122397388067,1.0,4.47213595499958,0.1522067,0.12,0.2,0.2246269,0.2,0.25,0.6881749,0.6,0.8,0.6917897,0.03014477,0.0691782,0.007393173076462344,0.0069013462432441315,True,0.1,0.85,10.0,10000.0,0.938,0.139
hermes.p.vmsub.zxpt.pi-.181,1 - 1 - 2021,52.657444,1.6957122397388067,1.0,4.47213595499958,0.1522067,0.12,0.2,0.2284008,0.2,0.25,0.9225623,0.8,1.2,0.115009,0.01636606,0.01146713,0.0012291039348386623,0.003450673121622068,True,0.1,0.85,10.0,10000.0,0.938,0.139
hermes.p.vmsub.zxpt.pi-.182,1 - 1 - 2021,52.657444,1.6957122397388067,1.0,4.47213595499958,0.1522067,0.12,0.2,0.2730494,0.25,0.3,0.1002563,0.0,0.15,0.9469808,0.02308467,0.1044464,0.010120406468160441,0.00920179499099218,True,0.1,0.85,10.0,10000.0,0.938,0.139
hermes.p.vmsub.zxpt.pi-.183,1 - 1 - 2021,52.657444,1.6957122397388067,1.0,4.47213595499958,0.1522067,0.12,0.2,0.2739747,0.25,0.3,0.2036438,0.15,0.25,1.94228,0.04510005,0.129055,0.020757192833242937,0.013802692486488268,True,0.1,0.85,10.0,10000.0,0.938,0.139
hermes.p.vmsub.zxpt.pi-.184,1 - 1 - 2021,52.657444,1.6957122397388067,1.0,4.47213595499958,0.1522067,0.12,0.2,0.2739866,0.25,0.3,0.3007641,0.25,0.35,2.171311,0.05787867,0.1131716,0.023204852610304156,0.013802692486488272,True,0.1,0.85,10.0,10000.0,0.938,0.139
hermes.p.vmsub.zxpt.pi-.185,1 - 1 - 2021,52.657444,1.6957122397388067,1.0,4.47213595499958,0.1522067,0.12,0.2,0.2726775,0.25,0.3,0.3997213,0.35,0.45,2.037137,0.06155987,0.5370174,0.021770931861901485,0.013802692486488263,True,0.1,0.85,10.0,10000.0,0.938,0.139
hermes.p.vmsub.zxpt.pi-.186,1 - 1 - 2021,52.657444,1.6957122397388067,1.0,4.47213595499958,0.1522067,0.12,0.2,0.2743134,0.25,0.3,0.5191526,0.45,0.6,1.323416,0.03714487,0.2556994,0.014143378457585433,0.009201794990992182,True,0.1,0.85,10.0,10000.0,0.938,0.139
hermes.p.vmsub.zxpt.pi-.187,1 - 1 - 2021,52.657444,1.6957122397388067,1.0,4.47213595499958,0.1522067,0.12,0.2,0.2766406,0.25,0.3,0.6870878,0.6,0.8,0.5582176,0.02157834,0.08671845,0.005965684847761431,0.0069013462432441315,True,0.1,0.85,10.0,10000.0,0.938,0.139
hermes.p.vmsub.zxpt.pi-.188,1 - 1 - 2021,52.657444,1.6957122397388067,1.0,4.47213595499958,0.1522067,0.12,0.2,0.2791516,0.25,0.3,0.9363861,0.8,1.2,0.1103437,0.009311476,0.01731058,0.0011792457621112862,0.003450673121622068,True,0.1,0.85,10.0,10000.0,0.938,0.139
hermes.p.vmsub.zxpt.pi-.189,1 - 1 - 2021,52.657444,1.6957122397388067,1.0,4.47213595499958,0.1522067,0.12,0.2,0.3333782,0.3,0.375,0.1022355,0.0,0.15,0.5432133,0.01325811,0.04561219,0.005805333534651155,0.006134529993994785,True,0.1,0.85,10.0,10000.0,0.938,0.139
hermes.p.vmsub.zxpt.pi-.190,1 - 1 - 2021,52.657444,1.6957122397388067,1.0,4.47213595499958,0.1522067,0.12,0.2,0.3339023,0.3,0.375,0.2033128,0.15,0.25,1.140293,0.02471171,0.06812104,0.012186338574972243,0.009201794990992175,True,0.1,0.85,10.0,10000.0,0.938,0.139
hermes.p.vmsub.zxpt.pi-.191,1 - 1 - 2021,52.657444,1.6957122397388067,1.0,4.47213595499958,0.1522067,0.12,0.2,0.3342428,0.3,0.375,0.3005608,0.25,0.35,1.386216,0.0313774,0.06163858,0.014814523560211035,0.009201794990992178,True,0.1,0.85,10.0,10000.0,0.938,0.139
hermes.p.vmsub.zxpt.pi-.192,1 - 1 - 2021,52.657444,1.6957122397388067,1.0,4.47213595499958,0.1522067,0.12,0.2,0.3348335,0.3,0.375,0.3999545,0.35,0.45,1.369919,0.03695736,0.049631,0.014640357131270123,0.009201794990992171,True,0.1,0.85,10.0,10000.0,0.938,0.139
hermes.p.vmsub.zxpt.pi-.193,1 - 1 - 2021,52.657444,1.6957122397388067,1.0,4.47213595499958,0.1522067,0.12,0.2,0.3354355,0.3,0.375,0.5195308,0.45,0.6,0.9777321,0.02506737,0.2216875,0.010449046347051695,0.006134529993994785,True,0.1,0.85,10.0,10000.0,0.938,0.139
hermes.p.vmsub.zxpt.pi-.194,1 - 1 - 2021,52.657444,1.6957122397388067,1.0,4.47213595499958,0.1522067,0.12,0.2,0.3360694,0.3,0.375,0.6830707,0.6,0.8,0.4668429,0.01396795,0.08834506,0.00498916124252443,0.004600897495496086,True,0.1,0.85,10.0,10000.0,0.938,0.139
hermes.p.vmsub.zxpt.pi-.195,1 - 1 - 2021,52.657444,1.6957122397388067,1.0,4.47213595499958,0.1522067,0.12,0.2,0.3368907,0.3,0.375,0.9204131,0.8,1.2,0.08503785,0.004751628,0.01604896,0.0009088015376641823,0.0023004487477480445,True,0.1,0.85,10.0,10000.0,0.938,0.139
hermes.p.vmsub.zxpt.pi-.196,1 - 1 - 2021,52.657444,1.6957122397388067,1.0,4.47213595499958,0.1522067,0.12,0.2,0.4208335,0.375,0.475,0.1014536,0.0,0.15,0.2891156,0.008556753,0.03317108,0.0030897853349150127,0.00460089749549609,True,0.1,0.85,10.0,10000.0,0.938,0.139
hermes.p.vmsub.zxpt.pi-.197,1 - 1 - 2021,52.657444,1.6957122397388067,1.0,4.47213595499958,0.1522067,0.12,0.2,0.4193001,0.375,0.475,0.2024962,0.15,0.25,0.6189411,0.01538612,0.03082844,0.006614638345202289,0.006901346243244134,True,0.1,0.85,10.0,10000.0,0.938,0.139
hermes.p.vmsub.zxpt.pi-.198,1 - 1 - 2021,52.657444,1.6957122397388067,1.0,4.47213595499958,0.1522067,0.12,0.2,0.419421,0.375,0.475,0.3005311,0.25,0.35,0.7524824,0.01853904,0.02761237,0.008041797413566244,0.006901346243244136,True,0.1,0.85,10.0,10000.0,0.938,0.139
hermes.p.vmsub.zxpt.pi-.199,1 - 1 - 2021,52.657444,1.6957122397388067,1.0,4.47213595499958,0.1522067,0.12,0.2,0.4202277,0.375,0.475,0.4000032,0.35,0.45,0.7293233,0.02090935,0.01986958,0.0077942955577347695,0.0069013462432441315,True,0.1,0.85,10.0,10000.0,0.938,0.139
hermes.p.vmsub.zxpt.pi-.200,1 - 1 - 2021,52.657444,1.6957122397388067,1.0,4.47213595499958,0.1522067,0.12,0.2,0.4221247,0.375,0.475,0.520413,0.45,0.6,0.6080758,0.01683658,0.131761,0.006498520624126525,0.004600897495496091,True,0.1,0.85,10.0,10000.0,0.938,0.139
hermes.p.vmsub.zxpt.pi-.201,1 - 1 - 2021,52.657444,1.6957122397388067,1.0,4.47213595499958,0.1522067,0.12,0.2,0.4218379,0.375,0.475,0.6900843,0.6,0.8,0.3119754,0.01014167,0.05596418,0.003334088564485089,0.0034506731216220657,True,0.1,0.85,10.0,10000.0,0.938,0.139
hermes.p.vmsub.zxpt.pi-.202,1 - 1 - 2021,52.657444,1.6957122397388067,1.0,4.47213595499958,0.1522067,0.12,0.2,0.4223732,0.375,0.475,0.9161972,0.8,1.2,0.06240871,0.002987951,0.01117339,0.000666963377033145,0.001725336560811034,True,0.1,0.85,10.0,10000.0,0.938,0.139
hermes.p.vmsub.zxpt.pi-.203,1 - 1 - 2021,52.657444,1.6957122397388067,1.0,4.47213595499958,0.1522067,0.12,0.2,0.5327683,0.475,0.6,0.1011131,0.0,0.15,0.1324064,0.005341027,0.007648938,0.0014150303649090232,0.003680717996396871,True,0.1,0.85,10.0,10000.0,0.938,0.139
hermes.p.vmsub.zxpt.pi-.204,1 - 1 - 2021,52.657444,1.6957122397388067,1.0,4.47213595499958,0.1522067,0.12,0.2,0.5301063,0.475,0.6,0.2028044,0.15,0.25,0.297945,0.01007972,0.02130058,0.0031841453439774734,0.005521076994595306,True,0.1,0.85,10.0,10000.0,0.938,0.139
hermes.p.vmsub.zxpt.pi-.205,1 - 1 - 2021,52.657444,1.6957122397388067,1.0,4.47213595499958,0.1522067,0.12,0.2,0.5307025,0.475,0.6,0.3014004,0.25,0.35,0.3721439,0.01159516,0.09948187,0.0039771107636463725,0.005521076994595307,True,0.1,0.85,10.0,10000.0,0.938,0.139
hermes.p.vmsub.zxpt.pi-.206,1 - 1 - 2021,52.657444,1.6957122397388067,1.0,4.47213595499958,0.1522067,0.12,0.2,0.5309645,0.475,0.6,0.4000667,0.35,0.45,0.3618497,0.01273253,0.064328,0.0038670964019354094,0.005521076994595304,True,0.1,0.85,10.0,10000.0,0.938,0.139
hermes.p.vmsub.zxpt.pi-.207,1 - 1 - 2021,52.657444,1.6957122397388067,1.0,4.47213595499958,0.1522067,0.12,0.2,0.5325807,0.475,0.6,0.5195134,0.45,0.6,0.3326854,0.01031283,0.03401402,0.003555416830016558,0.0036807179963968713,True,0.1,0.85,10.0,10000.0,0.938,0.139
hermes.p.vmsub.zxpt.pi-.208,1 - 1 - 2021,52.657444,1.6957122397388067,1.0,4.47213595499958,0.1522067,0.12,0.2,0.5325431,0.475,0.6,0.6891796,0.6,0.8,0.1876653,0.007572359,0.01220047,0.0020055835513975257,0.002760538497297652,True,0.1,0.85,10.0,10000.0,0.938,0.139
hermes.p.vmsub.zxpt.pi-.209,1 - 1 - 2021,52.657444,1.6957122397388067,1.0,4.47213595499958,0.1522067,0.12,0.2,0.533569,0.475,0.6,0.9325327,0.8,1.2,0.05521362,0.002595625,0.00377164,0.0005900692780450805,0.0013802692486488267,True,0.1,0.85,10.0,10000.0,0.938,0.139
hermes.p.vmsub.zxpt.pi-.210,1 - 1 - 2021,52.657444,1.6957122397388067,1.0,4.47213595499958,0.1522067,0.12,0.2,0.6914728,0.6,0.8,0.09866665,0.0,0.15,0.06607367,0.003069883,0.01074894,0.0007061308922452267,0.0023004487477480432,True,0.1,0.85,10.0,10000.0,0.938,0.139
hermes.p.vmsub.zxpt.pi-.211,1 - 1 - 2021,52.657444,1.6957122397388067,1.0,4.47213595499958,0.1522067,0.12,0.2,0.6895155,0.6,0.8,0.2020735,0.15,0.25,0.1348756,0.005680146,0.003476219,0.001441418764389965,0.0034506731216220653,True,0.1,0.85,10.0,10000.0,0.938,0.139
hermes.p.vmsub.zxpt.pi-.212,1 - 1 - 2021,52.657444,1.6957122397388067,1.0,4.47213595499958,0.1522067,0.12,0.2,0.6878281,0.6,0.8,0.2997781,0.25,0.35,0.152265,0.006411287,0.01476771,0.0016272596982689087,0.0034506731216220657,True,0.1,0.85,10.0,10000.0,0.938,0.139
hermes.p.vmsub.zxpt.pi-.213,1 - 1 - 2021,52.657444,1.6957122397388067,1.0,4.47213595499958,0.1522067,0.12,0.2,0.687479,0.6,0.8,0.3998332,0.35,0.45,0.1733352,0.006780599,0.0324702,0.0018524374298189402,0.003450673121622064,True,0.1,0.85,10.0,10000.0,0.938,0.139
hermes.p.vmsub.zxpt.pi-.214,1 - 1 - 2021,52.657444,1.6957122397388067,1.0,4.47213595499958,0.1522067,0.12,0.2,0.6847485,0.6,0.8,0.5209925,0.45,0.6,0.1301819,0.004581749,0.0323573,0.0013912570801830574,0.0023004487477480437,True,0.1,0.85,10.0,10000.0,0.938,0.139
hermes.p.vmsub.zxpt.pi-.215,1 - 1 - 2021,52.657444,1.6957122397388067,1.0,4.47213595499958,0.1522067,0.12,0.2,0.6827928,0.6,0.8,0.6924996,0.6,0.8,0.09343373,0.003733544,0.005034048,0.0009985285081137404,0.001725336560811032,True,0.1,0.85,10.0,10000.0,0.938,0.139
hermes.p.vmsub.zxpt.pi-.216,1 - 1 - 2021,52.657444,1.6957122397388067,1.0,4.47213595499958,0.1522067,0.12,0.2,0.6906615,0.6,0.8,0.9429665,0.8,1.2,0.02913009,0.00160735,0.001538158,0.00031131396883030344,0.0008626682804055164,True,0.1,0.85,10.0,10000.0,0.938,0.139
hermes.p.vmsub.zxpt.pi-.217,1 - 1 - 2021,52.657444,1.6957122397388067,1.0,4.47213595499958,0.1522067,0.12,0.2,0.8890402,0.8,1.1,0.09717925,0.0,0.15,0.02119782,0.001119351,0.003419003,0.00022654160954361564,0.0015336324984986961,True,0.1,0.85,10.0,10000.0,0.938,0.139
hermes.p.vmsub.zxpt.pi-.218,1 - 1 - 2021,52.657444,1.6957122397388067,1.0,4.47213595499958,0.1522067,0.12,0.2,0.8852618,0.8,1.1,0.2003783,0.15,0.25,0.0356306,0.002298494,0.00101316,0.00038078507473904164,0.0023004487477480437,True,0.1,0.85,10.0,10000.0,0.938,0.139
hermes.p.vmsub.zxpt.pi-.219,1 - 1 - 2021,52.657444,1.6957122397388067,1.0,4.47213595499958,0.1522067,0.12,0.2,0.8810223,0.8,1.1,0.3000363,0.25,0.35,0.04681215,0.002535497,0.004517756,0.0005002825671317695,0.0023004487477480445,True,0.1,0.85,10.0,10000.0,0.938,0.139
hermes.p.vmsub.zxpt.pi-.220,1 - 1 - 2021,52.657444,1.6957122397388067,1.0,4.47213595499958,0.1522067,0.12,0.2,0.8760263,0.8,1.1,0.3982409,0.35,0.45,0.03577289,0.002498944,0.006707905,0.00038230573137363716,0.002300448747748043,True,0.1,0.85,10.0,10000.0,0.938,0.139
hermes.p.vmsub.zxpt.pi-.221,1 - 1 - 2021,52.657444,1.6957122397388067,1.0,4.47213595499958,0.1522067,0.12,0.2,0.8683354,0.8,1.1,0.5176723,0.45,0.6,0.02821766,0.001608054,0.007038346,0.00030156280758844546,0.0015336324984986961,True,0.1,0.85,10.0,10000.0,0.938,0.139
hermes.p.vmsub.zxpt.pi-.222,1 - 1 - 2021,52.657444,1.6957122397388067,1.0,4.47213595499958,0.1522067,0.12,0.2,0.8656348,0.8,1.1,0.6853843,0.6,0.8,0.01523902,0.001127318,0.0008646372,0.00016285977136645891,0.0011502243738740214,True,0.1,0.85,10.0,10000.0,0.938,0.139
hermes.p.vmsub.zxpt.pi-.223,1 - 1 - 2021,52.657444,1.6957122397388067,1.0,4.47213595499958,0.1522067,0.12,0.2,0.8526051,0.8,1.1,0.9216346,0.8,1.2,0.004188067,0.0005021021,0.0002310441,4.4757972237546207e-05,0.0005751121869370111,True,0.1,0.85,10.0,10000.0,0.938,0.139
hermes.p.vmsub.zxpt.pi-.224,1 - 1 - 2021,52.657444,2.2893820126837725,1.0,4.47213595499958,0.2538812,0.2,0.35,0.1405356,0.1,0.2,0.1015175,0.0,0.15,2.77936,0.08139731,0.6062054,0.023926163102122564,0.009233073296206071,True,0.1,0.85,10.0,10000.0,0.938,0.139
hermes.p.vmsub.zxpt.pi-.225,1 - 1 - 2021,52.657444,2.2893820126837725,1.0,4.47213595499958,0.2538812,0.2,0.35,0.14061,0.1,0.2,0.202746,0.15,0.25,6.30764,0.1799639,0.4840539,0.05429941548754834,0.013849609944309105,True,0.1,0.85,10.0,10000.0,0.938,0.139
hermes.p.vmsub.zxpt.pi-.226,1 - 1 - 2021,52.657444,2.2893820126837725,1.0,4.47213595499958,0.2538812,0.2,0.35,0.1422484,0.1,0.2,0.299085,0.25,0.35,6.51463,0.2108948,0.6634,0.056081292070829514,0.013849609944309109,True,0.1,0.85,10.0,10000.0,0.938,0.139
hermes.p.vmsub.zxpt.pi-.227,1 - 1 - 2021,52.657444,2.2893820126837725,1.0,4.47213595499958,0.2538812,0.2,0.35,0.1442153,0.1,0.2,0.39759,0.35,0.45,4.883655,0.1811671,1.022079,0.04204101881889945,0.0138496099443091,True,0.1,0.85,10.0,10000.0,0.938,0.139
hermes.p.vmsub.zxpt.pi-.228,1 - 1 - 2021,52.657444,2.2893820126837725,1.0,4.47213595499958,0.2538812,0.2,0.35,0.1430536,0.1,0.2,0.5202623,0.45,0.6,2.953939,0.1280833,0.7353388,0.025429029095806525,0.009233073296206071,True,0.1,0.85,10.0,10000.0,0.938,0.139
hermes.p.vmsub.zxpt.pi-.229,1 - 1 - 2021,52.657444,2.2893820126837725,1.0,4.47213595499958,0.2538812,0.2,0.35,0.1446518,0.1,0.2,0.6684873,0.6,0.8,1.144112,0.1194744,0.3334859,0.009849105664288055,0.00692480497215455,True,0.1,0.85,10.0,10000.0,0.938,0.139
hermes.p.vmsub.zxpt.pi-.230,1 - 1 - 2021,52.657444,2.289612412614851,1.0,4.47213595499958,0.2539186,0.2,0.35,0.1552297,0.1,0.2,0.8965923,0.8,1.2,0.1224599,0.08003125,0.03570621,0.001054197923575794,0.0034624024860772772,True,0.1,0.85,10.0,10000.0,0.938,0.139
hermes.p.vmsub.zxpt.pi-.231,1 - 1 - 2021,52.657444,2.2893820126837725,1.0,4.47213595499958,0.2538812,0.2,0.35,0.2235936,0.2,0.25,0.09978739,0.0,0.15,1.404284,0.04745371,0.1198002,0.012088800308596612,0.018466146592412146,True,0.1,0.85,10.0,10000.0,0.938,0.139
hermes.p.vmsub.zxpt.pi-.232,1 - 1 - 2021,52.657444,2.2893820126837725,1.0,4.47213595499958,0.2538812,0.2,0.35,0.2232653,0.2,0.25,0.2029138,0.15,0.25,2.923074,0.09349785,0.7243999,0.025163327270873084,0.02769921988861822,True,0.1,0.85,10.0,10000.0,0.938,0.139
hermes.p.vmsub.zxpt.pi-.233,1 - 1 - 2021,52.657444,2.2893820126837725,1.0,4.47213595499958,0.2538812,0.2,0.35,0.2231566,0.2,0.25,0.2993159,0.25,0.35,3.121486,0.1245371,0.4184734,0.026871360009855558,0.027699219888618225,True,0.1,0.85,10.0,10000.0,0.938,0.139
hermes.p.vmsub.zxpt.pi-.234,1 - 1 - 2021,52.657444,2.2893820126837725,1.0,4.47213595499958,0.2538812,0.2,0.35,0.223952,0.2,0.25,0.3983097,0.35,0.45,2.694179,0.1279452,0.09832352,0.023192881159804224,0.027699219888618207,True,0.1,0.85,10.0,10000.0,0.938,0.139
hermes.p.vmsub.zxpt.pi-.235,1 - 1 - 2021,52.657444,2.2893820126837725,1.0,4.47213595499958,0.2538812,0.2,0.35,0.2235934,0.2,0.25,0.5184172,0.45,0.6,1.866455,0.07820925,0.1872776,0.016067406436291867,0.01846614659241215,True,0.1,0.85,10.0,10000.0,0.938,0.139
hermes.p.vmsub.zxpt.pi-.236,1 - 1 - 2021,52.657444,2.2893820126837725,1.0,4.47213595499958,0.2538812,0.2,0.35,0.224465,0.2,0.25,0.6833628,0.6,0.8,0.6844555,0.04714153,0.100527,0.0058921456483308566,0.013849609944309104,True,0.1,0.85,10.0,10000.0,0.938,0.139
hermes.p.vmsub.zxpt.pi-.237,1 - 1 - 2021,52.657444,2.2893820126837725,1.0,4.47213595499958,0.2538812,0.2,0.35,0.2238,0.2,0.25,0.8954064,0.8,1.2,0.0891035,0.02401383,0.01308768,0.0007670488436078729,0.006924804972154556,True,0.1,0.85,10.0,10000.0,0.938,0.139
hermes.p.vmsub.zxpt.pi-.238,1 - 1 - 2021,52.657444,2.2893820126837725,1.0,4.47213595499958,0.2538812,0.2,0.35,0.2732,0.25,0.3,0.1008493,0.0,0.15,0.8882589,0.03506731,0.07007036,0.007646590336736505,0.018466146592412146,True,0.1,0.85,10.0,10000.0,0.938,0.139
hermes.p.vmsub.zxpt.pi-.239,1 - 1 - 2021,52.657444,2.2893820126837725,1.0,4.47213595499958,0.2538812,0.2,0.35,0.273232,0.25,0.3,0.2029737,0.15,0.25,1.778869,0.06666505,0.4915842,0.015313421014661526,0.02769921988861822,True,0.1,0.85,10.0,10000.0,0.938,0.139
hermes.p.vmsub.zxpt.pi-.240,1 - 1 - 2021,52.657444,2.2893820126837725,1.0,4.47213595499958,0.2538812,0.2,0.35,0.2740842,0.25,0.3,0.3004804,0.25,0.35,2.363833,0.08904436,0.3775186,0.020349092562381155,0.027699219888618225,True,0.1,0.85,10.0,10000.0,0.938,0.139
hermes.p.vmsub.zxpt.pi-.241,1 - 1 - 2021,52.657444,2.2893820126837725,1.0,4.47213595499958,0.2538812,0.2,0.35,0.2740496,0.25,0.3,0.3982353,0.35,0.45,2.119526,0.1009081,0.1574965,0.018245972013409356,0.027699219888618207,True,0.1,0.85,10.0,10000.0,0.938,0.139
hermes.p.vmsub.zxpt.pi-.242,1 - 1 - 2021,52.657444,2.2893820126837725,1.0,4.47213595499958,0.2538812,0.2,0.35,0.2737692,0.25,0.3,0.518069,0.45,0.6,1.425125,0.06682483,0.06265369,0.012268210376098244,0.01846614659241215,True,0.1,0.85,10.0,10000.0,0.938,0.139
hermes.p.vmsub.zxpt.pi-.243,1 - 1 - 2021,52.657444,2.2893820126837725,1.0,4.47213595499958,0.2538812,0.2,0.35,0.2741194,0.25,0.3,0.6787602,0.6,0.8,0.6708408,0.03753599,0.05926847,0.005774943294988192,0.013849609944309104,True,0.1,0.85,10.0,10000.0,0.938,0.139
hermes.p.vmsub.zxpt.pi-.244,1 - 1 - 2021,52.657444,2.2893820126837725,1.0,4.47213595499958,0.2538812,0.2,0.35,0.2758869,0.25,0.3,0.9221474,0.8,1.2,0.06826336,0.01308619,0.006088026,0.0005876461794294043,0.006924804972154556,True,0.1,0.85,10.0,10000.0,0.938,0.139
hermes.p.vmsub.zxpt.pi-.245,1 - 1 - 2021,52.657444,2.2893820126837725,1.0,4.47213595499958,0.2538812,0.2,0.35,0.3336636,0.3,0.375,0.1015863,0.0,0.15,0.4361378,0.0199857,0.032278,0.0037544989270194974,0.012310764394941427,True,0.1,0.85,10.0,10000.0,0.938,0.139
hermes.p.vmsub.zxpt.pi-.246,1 - 1 - 2021,52.657444,2.2893820126837725,1.0,4.47213595499958,0.2538812,0.2,0.35,0.3344515,0.3,0.375,0.2028597,0.15,0.25,1.120034,0.03918125,0.1037218,0.009641829832739458,0.01846614659241214,True,0.1,0.85,10.0,10000.0,0.938,0.139
hermes.p.vmsub.zxpt.pi-.247,1 - 1 - 2021,52.657444,2.2893820126837725,1.0,4.47213595499958,0.2538812,0.2,0.35,0.3343206,0.3,0.375,0.3002157,0.25,0.35,1.338662,0.0479203,0.2630471,0.011523892317157041,0.018466146592412143,True,0.1,0.85,10.0,10000.0,0.938,0.139
hermes.p.vmsub.zxpt.pi-.248,1 - 1 - 2021,52.657444,2.2893820126837725,1.0,4.47213595499958,0.2538812,0.2,0.35,0.3340167,0.3,0.375,0.3990936,0.35,0.45,1.299666,0.05466626,0.1376126,0.01118819465426689,0.018466146592412132,True,0.1,0.85,10.0,10000.0,0.938,0.139
hermes.p.vmsub.zxpt.pi-.249,1 - 1 - 2021,52.657444,2.2893820126837725,1.0,4.47213595499958,0.2538812,0.2,0.35,0.3350068,0.3,0.375,0.51911,0.45,0.6,0.9710571,0.04191711,0.03356073,0.008359359908782648,0.012310764394941427,True,0.1,0.85,10.0,10000.0,0.938,0.139
hermes.p.vmsub.zxpt.pi-.250,1 - 1 - 2021,52.657444,2.2893820126837725,1.0,4.47213595499958,0.2538812,0.2,0.35,0.3350996,0.3,0.375,0.6827939,0.6,0.8,0.4878706,0.02520986,0.02302182,0.004199841527664784,0.009233073296206066,True,0.1,0.85,10.0,10000.0,0.938,0.139
hermes.p.vmsub.zxpt.pi-.251,1 - 1 - 2021,52.657444,2.2893820126837725,1.0,4.47213595499958,0.2538812,0.2,0.35,0.335703,0.3,0.375,0.9291243,0.8,1.2,0.09567202,0.008176774,0.004470775,0.0008235940485685668,0.004616536648103036,True,0.1,0.85,10.0,10000.0,0.938,0.139
hermes.p.vmsub.zxpt.pi-.252,1 - 1 - 2021,52.657444,2.2893820126837725,1.0,4.47213595499958,0.2538812,0.2,0.35,0.4188729,0.375,0.475,0.102476,0.0,0.15,0.2783006,0.01317744,0.01733878,0.002395754974892986,0.009233073296206073,True,0.1,0.85,10.0,10000.0,0.938,0.139
hermes.p.vmsub.zxpt.pi-.253,1 - 1 - 2021,52.657444,2.2893820126837725,1.0,4.47213595499958,0.2538812,0.2,0.35,0.4179417,0.375,0.475,0.2039301,0.15,0.25,0.5460427,0.02397574,0.06517966,0.004700616940922867,0.01384960994430911,True,0.1,0.85,10.0,10000.0,0.938,0.139
hermes.p.vmsub.zxpt.pi-.254,1 - 1 - 2021,52.657444,2.2893820126837725,1.0,4.47213595499958,0.2538812,0.2,0.35,0.4193256,0.375,0.475,0.3014741,0.25,0.35,0.7115265,0.02939949,0.1557941,0.006125186766191644,0.013849609944309112,True,0.1,0.85,10.0,10000.0,0.938,0.139
hermes.p.vmsub.zxpt.pi-.255,1 - 1 - 2021,52.657444,2.2893820126837725,1.0,4.47213595499958,0.2538812,0.2,0.35,0.419455,0.375,0.475,0.3994213,0.35,0.45,0.6944949,0.03159485,0.06754934,0.005978569976898386,0.013849609944309104,True,0.1,0.85,10.0,10000.0,0.938,0.139
hermes.p.vmsub.zxpt.pi-.256,1 - 1 - 2021,52.657444,2.2893820126837725,1.0,4.47213595499958,0.2538812,0.2,0.35,0.4204297,0.375,0.475,0.521503,0.45,0.6,0.6175973,0.02477422,0.0147758,0.005316595810269457,0.009233073296206075,True,0.1,0.85,10.0,10000.0,0.938,0.139
hermes.p.vmsub.zxpt.pi-.257,1 - 1 - 2021,52.657444,2.2893820126837725,1.0,4.47213595499958,0.2538812,0.2,0.35,0.4240164,0.375,0.475,0.6885764,0.6,0.8,0.3412776,0.01779834,0.01557537,0.0029378934433470093,0.006924804972154552,True,0.1,0.85,10.0,10000.0,0.938,0.139
hermes.p.vmsub.zxpt.pi-.258,1 - 1 - 2021,52.657444,2.2893820126837725,1.0,4.47213595499958,0.2538812,0.2,0.35,0.4204292,0.375,0.475,0.92841,0.8,1.2,0.07247443,0.005380231,0.003422255,0.0006238972399809182,0.003462402486077278,True,0.1,0.85,10.0,10000.0,0.938,0.139
hermes.p.vmsub.zxpt.pi-.259,1 - 1 - 2021,52.657444,2.2893820126837725,1.0,4.47213595499958,0.2538812,0.2,0.35,0.5293345,0.475,0.6,0.1042764,0.0,0.15,0.1212247,0.008252815,0.006119656,0.0010435646854692724,0.007386458636964857,True,0.1,0.85,10.0,10000.0,0.938,0.139
hermes.p.vmsub.zxpt.pi-.260,1 - 1 - 2021,52.657444,2.2893820126837725,1.0,4.47213595499958,0.2538812,0.2,0.35,0.5300672,0.475,0.6,0.2015228,0.15,0.25,0.2412393,0.01507049,0.04585942,0.0020767122065662147,0.011079687955447285,True,0.1,0.85,10.0,10000.0,0.938,0.139
hermes.p.vmsub.zxpt.pi-.261,1 - 1 - 2021,52.657444,2.2893820126837725,1.0,4.47213595499958,0.2538812,0.2,0.35,0.5291631,0.475,0.6,0.3015744,0.25,0.35,0.3104361,0.01830225,0.02795406,0.0026723939185232678,0.011079687955447287,True,0.1,0.85,10.0,10000.0,0.938,0.139
hermes.p.vmsub.zxpt.pi-.262,1 - 1 - 2021,52.657444,2.2893820126837725,1.0,4.47213595499958,0.2538812,0.2,0.35,0.5291109,0.475,0.6,0.3988613,0.35,0.45,0.3608526,0.02028244,0.02519422,0.003106405130470681,0.011079687955447282,True,0.1,0.85,10.0,10000.0,0.938,0.139
hermes.p.vmsub.zxpt.pi-.263,1 - 1 - 2021,52.657444,2.2893820126837725,1.0,4.47213595499958,0.2538812,0.2,0.35,0.5285183,0.475,0.6,0.5227097,0.45,0.6,0.2743901,0.01404501,0.02629907,0.002362091375787131,0.007386458636964858,True,0.1,0.85,10.0,10000.0,0.938,0.139
hermes.p.vmsub.zxpt.pi-.264,1 - 1 - 2021,52.657444,2.2893820126837725,1.0,4.47213595499958,0.2538812,0.2,0.35,0.532059,0.475,0.6,0.6854084,0.6,0.8,0.1833238,0.01098566,0.02698038,0.0015781457383357666,0.005539843977723641,True,0.1,0.85,10.0,10000.0,0.938,0.139
hermes.p.vmsub.zxpt.pi-.265,1 - 1 - 2021,52.657444,2.2893820126837725,1.0,4.47213595499958,0.2538812,0.2,0.35,0.5382871,0.475,0.6,0.9438126,0.8,1.2,0.05117014,0.004271912,0.007559935,0.0004404989334229628,0.0027699219888618217,True,0.1,0.85,10.0,10000.0,0.938,0.139
hermes.p.vmsub.zxpt.pi-.266,1 - 1 - 2021,52.657444,2.2893820126837725,1.0,4.47213595499958,0.2538812,0.2,0.35,0.6857839,0.6,0.8,0.1032566,0.0,0.15,0.05137324,0.004924235,0.003062262,0.00044224732288170184,0.004616536648103034,True,0.1,0.85,10.0,10000.0,0.938,0.139
hermes.p.vmsub.zxpt.pi-.267,1 - 1 - 2021,52.657444,2.2893820126837725,1.0,4.47213595499958,0.2538812,0.2,0.35,0.6815989,0.6,0.8,0.2016946,0.15,0.25,0.1324507,0.009917063,0.02177295,0.0011402038782994304,0.006924804972154551,True,0.1,0.85,10.0,10000.0,0.938,0.139
hermes.p.vmsub.zxpt.pi-.268,1 - 1 - 2021,52.657444,2.2893820126837725,1.0,4.47213595499958,0.2538812,0.2,0.35,0.6794035,0.6,0.8,0.301104,0.25,0.35,0.1106495,0.01029933,0.0293566,0.0009525279144005492,0.006924804972154552,True,0.1,0.85,10.0,10000.0,0.938,0.139
hermes.p.vmsub.zxpt.pi-.269,1 - 1 - 2021,52.657444,2.2893820126837725,1.0,4.47213595499958,0.2538812,0.2,0.35,0.6854764,0.6,0.8,0.3975786,0.35,0.45,0.1431822,0.01071018,0.003610807,0.001232586160310551,0.006924804972154548,True,0.1,0.85,10.0,10000.0,0.938,0.139
hermes.p.vmsub.zxpt.pi-.270,1 - 1 - 2021,52.657444,2.2893820126837725,1.0,4.47213595499958,0.2538812,0.2,0.35,0.6831759,0.6,0.8,0.5215886,0.45,0.6,0.1210586,0.007288295,0.002295339,0.0010421348110768718,0.004616536648103035,True,0.1,0.85,10.0,10000.0,0.938,0.139
hermes.p.vmsub.zxpt.pi-.271,1 - 1 - 2021,52.657444,2.2893820126837725,1.0,4.47213595499958,0.2538812,0.2,0.35,0.6808522,0.6,0.8,0.6877197,0.6,0.8,0.07885035,0.005131143,0.001783117,0.0006787844448935905,0.003462402486077274,True,0.1,0.85,10.0,10000.0,0.938,0.139
hermes.p.vmsub.zxpt.pi-.272,1 - 1 - 2021,52.657444,2.2893820126837725,1.0,4.47213595499958,0.2538812,0.2,0.35,0.6861895,0.6,0.8,0.9342938,0.8,1.2,0.02808487,0.002199393,0.0005412003,0.00024176903327453403,0.001731201243038638,True,0.1,0.85,10.0,10000.0,0.938,0.139
hermes.p.vmsub.zxpt.pi-.273,1 - 1 - 2021,52.657444,2.2893820126837725,1.0,4.47213595499958,0.2538812,0.2,0.35,0.8819489,0.8,1.1,0.09749775,0.0,0.15,0.01257377,0.001758015,0.0006970667,0.00010824149150472613,0.0030776910987353567,True,0.1,0.85,10.0,10000.0,0.938,0.139
hermes.p.vmsub.zxpt.pi-.274,1 - 1 - 2021,52.657444,2.2893820126837725,1.0,4.47213595499958,0.2538812,0.2,0.35,0.8683477,0.8,1.1,0.2029234,0.15,0.25,0.02672374,0.003688457,0.004396694,0.00023005172483547175,0.004616536648103035,True,0.1,0.85,10.0,10000.0,0.938,0.139
hermes.p.vmsub.zxpt.pi-.275,1 - 1 - 2021,52.657444,2.2893820126837725,1.0,4.47213595499958,0.2538812,0.2,0.35,0.8808116,0.8,1.1,0.3015589,0.25,0.35,0.03188022,0.004450328,0.00848138,0.00027444136184285223,0.004616536648103036,True,0.1,0.85,10.0,10000.0,0.938,0.139
hermes.p.vmsub.zxpt.pi-.276,1 - 1 - 2021,52.657444,2.2893820126837725,1.0,4.47213595499958,0.2538812,0.2,0.35,0.8768724,0.8,1.1,0.400271,0.35,0.45,0.03221355,0.00480503,0.0009415102,0.0002773108382499497,0.004616536648103033,True,0.1,0.85,10.0,10000.0,0.938,0.139
hermes.p.vmsub.zxpt.pi-.277,1 - 1 - 2021,52.657444,2.2893820126837725,1.0,4.47213595499958,0.2538812,0.2,0.35,0.8681017,0.8,1.1,0.5189948,0.45,0.6,0.02254459,0.002773092,0.0007111754,0.00019407544809253976,0.0030776910987353567,True,0.1,0.85,10.0,10000.0,0.938,0.139
hermes.p.vmsub.zxpt.pi-.278,1 - 1 - 2021,52.657444,2.2893820126837725,1.0,4.47213595499958,0.2538812,0.2,0.35,0.8610592,0.8,1.1,0.6841322,0.6,0.8,0.01534929,0.00185091,0.0003169178,0.00013213459790807194,0.0023082683240515166,True,0.1,0.85,10.0,10000.0,0.938,0.139
hermes.p.vmsub.zxpt.pi-.279,1 - 1 - 2021,52.657444,2.2893820126837725,1.0,4.47213595499958,0.2538812,0.2,0.35,0.8456442,0.8,1.1,0.9084489,0.8,1.2,0.00396191,0.0007673296,9.000291e-05,3.410616287775977e-05,0.001154134162025759,True,0.1,0.85,10.0,10000.0,0.938,0.139
hermes.p.vmsub.zxpt.pi-.280,1 - 1 - 2021,52.657444,3.035335072113127,1.0,4.47213595499958,0.4100563,0.35,0.6,0.1391072,0.1,0.2,0.09685238,0.0,0.15,3.467983,0.3137841,0.7580169,0.02811892407762771,0.04846202285180486,True,0.1,0.85,10.0,10000.0,0.938,0.139
hermes.p.vmsub.zxpt.pi-.281,1 - 1 - 2021,52.657444,3.035335072113127,1.0,4.47213595499958,0.4100563,0.35,0.6,0.1396775,0.1,0.2,0.204628,0.15,0.25,6.90542,0.7022117,0.5215252,0.05599017662547134,0.07269303427770729,True,0.1,0.85,10.0,10000.0,0.938,0.139
hermes.p.vmsub.zxpt.pi-.282,1 - 1 - 2021,52.657444,3.035335072113127,1.0,4.47213595499958,0.4100563,0.35,0.6,0.1420067,0.1,0.2,0.301663,0.25,0.35,7.737806,0.8468938,0.8198289,0.06273928662320784,0.0726930342777073,True,0.1,0.85,10.0,10000.0,0.938,0.139
hermes.p.vmsub.zxpt.pi-.283,1 - 1 - 2021,52.657444,3.035335072113127,1.0,4.47213595499958,0.4100563,0.35,0.6,0.1408461,0.1,0.2,0.3942266,0.35,0.45,4.621511,0.6153274,0.9641042,0.037471901371177806,0.07269303427770726,True,0.1,0.85,10.0,10000.0,0.938,0.139
hermes.p.vmsub.zxpt.pi-.284,1 - 1 - 2021,52.657444,3.035335072113127,1.0,4.47213595499958,0.4100563,0.35,0.6,0.1433519,0.1,0.2,0.5189525,0.45,0.6,3.877752,0.4470017,0.9639803,0.03144139232512645,0.04846202285180486,True,0.1,0.85,10.0,10000.0,0.938,0.139
hermes.p.vmsub.zxpt.pi-.285,1 - 1 - 2021,52.657444,3.035335072113127,1.0,4.47213595499958,0.4100563,0.35,0.6,0.1414921,0.1,0.2,0.666034,0.6,0.8,1.270628,0.351352,0.07957127,0.010302441581434497,0.03634651713885363,True,0.1,0.85,10.0,10000.0,0.938,0.139
hermes.p.vmsub.zxpt.pi-.287,1 - 1 - 2021,52.657444,3.035335072113127,1.0,4.47213595499958,0.4100563,0.35,0.6,0.2256838,0.2,0.25,0.1020903,0.0,0.15,1.396027,0.1535311,0.1210041,0.01131919540070363,0.09692404570360975,True,0.1,0.85,10.0,10000.0,0.938,0.139
hermes.p.vmsub.zxpt.pi-.288,1 - 1 - 2021,52.657444,3.035335072113127,1.0,4.47213595499958,0.4100563,0.35,0.6,0.2242818,0.2,0.25,0.203223,0.15,0.25,3.102433,0.2873898,0.7728129,0.025154990085858777,0.14538606855541464,True,0.1,0.85,10.0,10000.0,0.938,0.139
hermes.p.vmsub.zxpt.pi-.289,1 - 1 - 2021,52.657444,3.035335072113127,1.0,4.47213595499958,0.4100563,0.35,0.6,0.2238984,0.2,0.25,0.2984163,0.25,0.35,3.084199,0.3620942,0.4210121,0.025007146090766683,0.14538606855541464,True,0.1,0.85,10.0,10000.0,0.938,0.139
hermes.p.vmsub.zxpt.pi-.290,1 - 1 - 2021,52.657444,3.035335072113127,1.0,4.47213595499958,0.4100563,0.35,0.6,0.2247747,0.2,0.25,0.3953602,0.35,0.45,3.41651,0.4189307,0.1371431,0.02770157330657499,0.14538606855541455,True,0.1,0.85,10.0,10000.0,0.938,0.139
hermes.p.vmsub.zxpt.pi-.291,1 - 1 - 2021,52.657444,3.035335072113127,1.0,4.47213595499958,0.4100563,0.35,0.6,0.2231506,0.2,0.25,0.5188168,0.45,0.6,2.323896,0.2535225,0.235978,0.018842495822010294,0.09692404570360977,True,0.1,0.85,10.0,10000.0,0.938,0.139
hermes.p.vmsub.zxpt.pi-.292,1 - 1 - 2021,52.657444,3.035335072113127,1.0,4.47213595499958,0.4100563,0.35,0.6,0.2250307,0.2,0.25,0.6800174,0.6,0.8,1.010148,0.1439387,0.1499808,0.008190430840972254,0.07269303427770728,True,0.1,0.85,10.0,10000.0,0.938,0.139
hermes.p.vmsub.zxpt.pi-.293,1 - 1 - 2021,52.657444,3.035335072113127,1.0,4.47213595499958,0.4100563,0.35,0.6,0.2238534,0.2,0.25,0.9097952,0.8,1.2,0.1754692,0.08346542,0.02607535,0.0014227304784256648,0.03634651713885366,True,0.1,0.85,10.0,10000.0,0.938,0.139
hermes.p.vmsub.zxpt.pi-.294,1 - 1 - 2021,52.657444,3.035335072113127,1.0,4.47213595499958,0.4100563,0.35,0.6,0.2710554,0.25,0.3,0.09646003,0.0,0.15,0.6813723,0.1107641,0.05662837,0.005524668365530792,0.09692404570360975,True,0.1,0.85,10.0,10000.0,0.938,0.139
hermes.p.vmsub.zxpt.pi-.295,1 - 1 - 2021,52.657444,3.035335072113127,1.0,4.47213595499958,0.4100563,0.35,0.6,0.2759461,0.25,0.3,0.204885,0.15,0.25,1.890922,0.2208427,0.5243068,0.015331877969043086,0.14538606855541464,True,0.1,0.85,10.0,10000.0,0.938,0.139
hermes.p.vmsub.zxpt.pi-.296,1 - 1 - 2021,52.657444,3.035335072113127,1.0,4.47213595499958,0.4100563,0.35,0.6,0.2728847,0.25,0.3,0.3027057,0.25,0.35,2.671746,0.2844764,0.4260647,0.021662915570435478,0.14538606855541464,True,0.1,0.85,10.0,10000.0,0.938,0.139
hermes.p.vmsub.zxpt.pi-.297,1 - 1 - 2021,52.657444,3.035335072113127,1.0,4.47213595499958,0.4100563,0.35,0.6,0.273534,0.25,0.3,0.4008507,0.35,0.45,2.622806,0.3239433,0.1927377,0.021266102741664662,0.14538606855541455,True,0.1,0.85,10.0,10000.0,0.938,0.139
hermes.p.vmsub.zxpt.pi-.298,1 - 1 - 2021,52.657444,3.035335072113127,1.0,4.47213595499958,0.4100563,0.35,0.6,0.2742488,0.25,0.3,0.5194338,0.45,0.6,1.772356,0.2282077,0.07801031,0.014370527134224114,0.09692404570360977,True,0.1,0.85,10.0,10000.0,0.938,0.139
hermes.p.vmsub.zxpt.pi-.299,1 - 1 - 2021,52.657444,3.035335072113127,1.0,4.47213595499958,0.4100563,0.35,0.6,0.2775138,0.25,0.3,0.6794505,0.6,0.8,0.5597094,0.1092421,0.04854401,0.004538207403016267,0.07269303427770728,True,0.1,0.85,10.0,10000.0,0.938,0.139
hermes.p.vmsub.zxpt.pi-.300,1 - 1 - 2021,52.657444,3.035335072113127,1.0,4.47213595499958,0.4100563,0.35,0.6,0.2741284,0.25,0.3,0.9292795,0.8,1.2,0.09496237,0.0387489,0.008274313,0.0007699690777785219,0.03634651713885366,True,0.1,0.85,10.0,10000.0,0.938,0.139
hermes.p.vmsub.zxpt.pi-.301,1 - 1 - 2021,52.657444,3.035335072113127,1.0,4.47213595499958,0.4100563,0.35,0.6,0.3326437,0.3,0.375,0.1030489,0.0,0.15,0.3944001,0.06519431,0.0291383,0.0031978549110848516,0.06461603046907315,True,0.1,0.85,10.0,10000.0,0.938,0.139
hermes.p.vmsub.zxpt.pi-.302,1 - 1 - 2021,52.657444,3.035335072113127,1.0,4.47213595499958,0.4100563,0.35,0.6,0.3338348,0.3,0.375,0.2033184,0.15,0.25,1.164238,0.1318066,0.1093528,0.009439815572997081,0.09692404570360971,True,0.1,0.85,10.0,10000.0,0.938,0.139
hermes.p.vmsub.zxpt.pi-.303,1 - 1 - 2021,52.657444,3.035335072113127,1.0,4.47213595499958,0.4100563,0.35,0.6,0.3337467,0.3,0.375,0.3002177,0.25,0.35,1.424408,0.1507474,0.2775941,0.01154931278716347,0.09692404570360973,True,0.1,0.85,10.0,10000.0,0.938,0.139
hermes.p.vmsub.zxpt.pi-.304,1 - 1 - 2021,52.657444,3.035335072113127,1.0,4.47213595499958,0.4100563,0.35,0.6,0.3341517,0.3,0.375,0.3964671,0.35,0.45,1.634632,0.1748626,0.1738089,0.013253840374321542,0.09692404570360967,True,0.1,0.85,10.0,10000.0,0.938,0.139
hermes.p.vmsub.zxpt.pi-.305,1 - 1 - 2021,52.657444,3.035335072113127,1.0,4.47213595499958,0.4100563,0.35,0.6,0.3338204,0.3,0.375,0.5173555,0.45,0.6,1.127912,0.1345772,0.03995553,0.00914527894001938,0.06461603046907315,True,0.1,0.85,10.0,10000.0,0.938,0.139
hermes.p.vmsub.zxpt.pi-.306,1 - 1 - 2021,52.657444,3.035335072113127,1.0,4.47213595499958,0.4100563,0.35,0.6,0.3375658,0.3,0.375,0.67,0.6,0.8,0.5305029,0.0839929,0.0239383,0.004301396739275056,0.048462022851804835,True,0.1,0.85,10.0,10000.0,0.938,0.139
hermes.p.vmsub.zxpt.pi-.307,1 - 1 - 2021,52.657444,3.035335072113127,1.0,4.47213595499958,0.4100563,0.35,0.6,0.3417706,0.3,0.375,0.9167795,0.8,1.2,0.08036417,0.0231145,0.00402348,0.0006516046920620911,0.02423101142590243,True,0.1,0.85,10.0,10000.0,0.938,0.139
hermes.p.vmsub.zxpt.pi-.308,1 - 1 - 2021,52.657444,3.035335072113127,1.0,4.47213595499958,0.4100563,0.35,0.6,0.419135,0.375,0.475,0.1026678,0.0,0.15,0.2497965,0.04211745,0.01648419,0.0020253873269728056,0.04846202285180488,True,0.1,0.85,10.0,10000.0,0.938,0.139
hermes.p.vmsub.zxpt.pi-.309,1 - 1 - 2021,52.657444,3.035335072113127,1.0,4.47213595499958,0.4100563,0.35,0.6,0.4213088,0.375,0.475,0.2034389,0.15,0.25,0.5040272,0.07725789,0.05992496,0.004086727809755492,0.07269303427770732,True,0.1,0.85,10.0,10000.0,0.938,0.139
hermes.p.vmsub.zxpt.pi-.310,1 - 1 - 2021,52.657444,3.035335072113127,1.0,4.47213595499958,0.4100563,0.35,0.6,0.4198039,0.375,0.475,0.3039607,0.25,0.35,0.6527574,0.09609677,0.1430906,0.005292654482939987,0.07269303427770732,True,0.1,0.85,10.0,10000.0,0.938,0.139
hermes.p.vmsub.zxpt.pi-.311,1 - 1 - 2021,52.657444,3.035335072113127,1.0,4.47213595499958,0.4100563,0.35,0.6,0.4226964,0.375,0.475,0.3962531,0.35,0.45,0.6964437,0.1000718,0.06919022,0.0056468695275155995,0.07269303427770728,True,0.1,0.85,10.0,10000.0,0.938,0.139
hermes.p.vmsub.zxpt.pi-.312,1 - 1 - 2021,52.657444,3.035335072113127,1.0,4.47213595499958,0.4100563,0.35,0.6,0.417607,0.375,0.475,0.5219678,0.45,0.6,0.5497666,0.07344943,0.01526864,0.004457589695744046,0.048462022851804884,True,0.1,0.85,10.0,10000.0,0.938,0.139
hermes.p.vmsub.zxpt.pi-.313,1 - 1 - 2021,52.657444,3.035335072113127,1.0,4.47213595499958,0.4100563,0.35,0.6,0.4178077,0.375,0.475,0.6854389,0.6,0.8,0.3364904,0.05298254,0.01689564,0.0027283144151659857,0.03634651713885364,True,0.1,0.85,10.0,10000.0,0.938,0.139
hermes.p.vmsub.zxpt.pi-.314,1 - 1 - 2021,52.657444,3.035335072113127,1.0,4.47213595499958,0.4100563,0.35,0.6,0.4172164,0.375,0.475,0.9102288,0.8,1.2,0.07544474,0.01828946,0.003837549,0.0006117172189472563,0.01817325856942683,True,0.1,0.85,10.0,10000.0,0.938,0.139
hermes.p.vmsub.zxpt.pi-.315,1 - 1 - 2021,52.657444,3.035335072113127,1.0,4.47213595499958,0.4100563,0.35,0.6,0.5229264,0.475,0.6,0.1010613,0.0,0.15,0.1208953,0.0261563,0.006495572,0.0009802371470800247,0.038769618281443895,True,0.1,0.85,10.0,10000.0,0.938,0.139
hermes.p.vmsub.zxpt.pi-.316,1 - 1 - 2021,52.657444,3.0352512251871344,1.0,4.47213595499958,0.409992,0.35,0.6,0.5290723,0.475,0.6,0.2004928,0.15,0.25,0.2579484,0.05447709,0.04900314,0.002091484149589414,0.05815442742216584,True,0.1,0.85,10.0,10000.0,0.938,0.139
hermes.p.vmsub.zxpt.pi-.317,1 - 1 - 2021,52.657444,3.035335072113127,1.0,4.47213595499958,0.4100563,0.35,0.6,0.5312233,0.475,0.6,0.3027576,0.25,0.35,0.2974144,0.06368482,0.0269338,0.0024114803714992837,0.058154427422165846,True,0.1,0.85,10.0,10000.0,0.938,0.139
hermes.p.vmsub.zxpt.pi-.318,1 - 1 - 2021,52.657444,3.035335072113127,1.0,4.47213595499958,0.4100563,0.35,0.6,0.5247763,0.475,0.6,0.4021577,0.35,0.45,0.4214392,0.07246015,0.02826555,0.0034170919719433922,0.05815442742216582,True,0.1,0.85,10.0,10000.0,0.938,0.139
hermes.p.vmsub.zxpt.pi-.319,1 - 1 - 2021,52.657444,3.035335072113127,1.0,4.47213595499958,0.4100563,0.35,0.6,0.5262202,0.475,0.6,0.5219972,0.45,0.6,0.2436881,0.04350976,0.02350325,0.0019758595075354607,0.038769618281443895,True,0.1,0.85,10.0,10000.0,0.938,0.139
hermes.p.vmsub.zxpt.pi-.320,1 - 1 - 2021,52.657444,3.035335072113127,1.0,4.47213595499958,0.4100563,0.35,0.6,0.5358424,0.475,0.6,0.6997973,0.6,0.8,0.1766844,0.03193014,0.02592483,0.001432583501505401,0.02907721371108291,True,0.1,0.85,10.0,10000.0,0.938,0.139
hermes.p.vmsub.zxpt.pi-.321,1 - 1 - 2021,52.657444,3.035335072113127,1.0,4.47213595499958,0.4100563,0.35,0.6,0.5315728,0.475,0.6,0.9053111,0.8,1.2,0.08253918,0.01522895,0.01211334,0.0006692399979612495,0.014538606855541461,True,0.1,0.85,10.0,10000.0,0.938,0.139
hermes.p.vmsub.zxpt.pi-.322,1 - 1 - 2021,52.657444,3.0352512251871344,1.0,4.47213595499958,0.409992,0.35,0.6,0.6822067,0.6,0.8,0.1001661,0.0,0.15,0.02698424,0.0133195,0.001538787,0.00021879224778566817,0.02423101142590242,True,0.1,0.85,10.0,10000.0,0.938,0.139
hermes.p.vmsub.zxpt.pi-.323,1 - 1 - 2021,52.657444,3.035335072113127,1.0,4.47213595499958,0.4100563,0.35,0.6,0.6621433,0.6,0.8,0.1942865,0.15,0.25,0.09706699,0.027762,0.01599647,0.0007870336510455353,0.03634651713885364,True,0.1,0.85,10.0,10000.0,0.938,0.139
hermes.p.vmsub.zxpt.pi-.324,1 - 1 - 2021,52.657444,3.035335072113127,1.0,4.47213595499958,0.4100563,0.35,0.6,0.6844238,0.6,0.8,0.2960212,0.25,0.35,0.08910626,0.03232303,0.02367193,0.0007224868633385329,0.03634651713885364,True,0.1,0.85,10.0,10000.0,0.938,0.139
hermes.p.vmsub.zxpt.pi-.325,1 - 1 - 2021,52.657444,3.0361233505903544,1.0,4.47213595499958,0.4101289,0.35,0.6,0.6802062,0.6,0.8,0.4023158,0.35,0.45,0.1971045,0.05082641,0.02575174,0.0015981527218728497,0.03634651713885362,True,0.1,0.85,10.0,10000.0,0.938,0.139
hermes.p.vmsub.zxpt.pi-.326,1 - 1 - 2021,52.657444,3.035335072113127,1.0,4.47213595499958,0.4100563,0.35,0.6,0.6888424,0.6,0.8,0.5266542,0.45,0.6,0.160127,0.02711792,0.004785834,0.0012983336295991914,0.024231011425902428,True,0.1,0.85,10.0,10000.0,0.938,0.139
hermes.p.vmsub.zxpt.pi-.327,1 - 1 - 2021,52.657444,3.035335072113127,1.0,4.47213595499958,0.4100563,0.35,0.6,0.6820037,0.6,0.8,0.693869,0.6,0.8,0.07126865,0.01617051,0.001599662,0.0005778568575638988,0.01817325856942681,True,0.1,0.85,10.0,10000.0,0.938,0.139
hermes.p.vmsub.zxpt.pi-.328,1 - 1 - 2021,52.657444,3.0352512251871344,1.0,4.47213595499958,0.409992,0.35,0.6,0.6884849,0.6,0.8,0.9226378,0.8,1.2,0.02052902,0.006928542,0.0004114251,0.00016645235999371993,0.00908662928471341,True,0.1,0.85,10.0,10000.0,0.938,0.139
hermes.p.vmsub.zxpt.pi-.329,1 - 1 - 2021,52.657444,3.0352512251871344,1.0,4.47213595499958,0.409992,0.35,0.6,0.8666466,0.8,1.1,0.1150891,0.0,0.15,0.006906029,0.005036646,0.0003982,5.5995114488420285e-05,0.016154007617268287,True,0.1,0.85,10.0,10000.0,0.938,0.139
hermes.p.vmsub.zxpt.pi-.330,1 - 1 - 2021,52.657444,3.0352512251871344,1.0,4.47213595499958,0.409992,0.35,0.6,0.883724,0.8,1.1,0.2061022,0.15,0.25,0.01148115,0.01197475,0.001894898,9.3090878811648e-05,0.024231011425902428,True,0.1,0.85,10.0,10000.0,0.938,0.139
hermes.p.vmsub.zxpt.pi-.331,1 - 1 - 2021,52.657444,3.035335072113127,1.0,4.47213595499958,0.4100563,0.35,0.6,0.870857,0.8,1.1,0.3094652,0.25,0.35,0.04485106,0.01599214,0.01192284,0.00036365909260256614,0.02423101142590243,True,0.1,0.85,10.0,10000.0,0.938,0.139
hermes.p.vmsub.zxpt.pi-.332,1 - 1 - 2021,52.657444,3.0345668554177547,1.0,4.47213595499958,0.4100822,0.35,0.6,0.881968,0.8,1.1,0.4040579,0.35,0.45,0.03307767,0.02226679,0.004331644,0.00026819868822737134,0.024231011425902418,True,0.1,0.85,10.0,10000.0,0.938,0.139
hermes.p.vmsub.zxpt.pi-.333,1 - 1 - 2021,52.657444,3.0352512251871344,1.0,4.47213595499958,0.409992,0.35,0.6,0.8590401,0.8,1.1,0.5178942,0.45,0.6,0.03803049,0.01105788,0.001350609,0.0003083568924487173,0.016154007617268287,True,0.1,0.85,10.0,10000.0,0.938,0.139
hermes.p.vmsub.zxpt.pi-.334,1 - 1 - 2021,52.657444,3.0345668554177547,1.0,4.47213595499958,0.4100822,0.35,0.6,0.8481316,0.8,1.1,0.6961856,0.6,0.8,0.01455982,0.008026298,0.0004726495,0.00011805319494470575,0.012115505712951209,True,0.1,0.85,10.0,10000.0,0.938,0.139
hermes.p.vmsub.zxpt.pi-.335,1 - 1 - 2021,52.657444,3.035335072113127,1.0,4.47213595499958,0.4100563,0.35,0.6,0.8545865,0.8,1.1,0.8773544,0.8,1.2,0.004026628,0.001971646,0.000598943,3.2648501166484936e-05,0.006057752856475608,True,0.1,0.85,10.0,10000.0,0.938,0.139
