Name,hermes.p.no-vmsub.zxpt.pi-
Comment,HERMES proton-to-pi- (zxpt-3D) no-vmsub. thFactor contains DIS normalization
Reference,1212.5407
Process type,SIDIS
Number of points,335
Number of uncorr.errors,2
Number of corr.errors,1
Number of norm.errors,0
List of norm.errors (relative),
Total cross-section nomalized,False
List of points 
Point id,process id,s[GeV^2],<Q>[GeV],Qmin[GeV],Qmax[GeV],<x>,xMin,xMax,<z>,zMin,zMax,<pT>[GeV],pTMin[GeV],pTMax[GeV],xSec,Uncorr.Err.0,Uncorr.Err.1,Corr.Err.0,Th.Factor,FiducialCuts,yMin,yMax,W2min[GeV^2],W2max[GeV^2],TargetMass[GeV],ProductMass[GeV]
hermes.p.no-vmsub.zxpt.pi-.0,1 - 1 - 2021,52.657444,1.117911892771519,1.0,4.47213595499958,0.03758844,0.023,0.047,0.152031,0.1,0.2,0.1096793,0.0,0.15,3.641533,0.0525766,0.9517452,0.1100731716798844,0.010989660854626649,True,0.1,0.85,10.0,10000.0,0.938,0.139
hermes.p.no-vmsub.zxpt.pi-.1,1 - 1 - 2021,52.657444,1.117911892771519,1.0,4.47213595499958,0.03758844,0.023,0.047,0.1546214,0.1,0.2,0.2226928,0.15,0.25,7.733573,0.06863808,0.745388,0.23376388694759012,0.016484491281939975,True,0.1,0.85,10.0,10000.0,0.938,0.139
hermes.p.no-vmsub.zxpt.pi-.2,1 - 1 - 2021,52.657444,1.117911892771519,1.0,4.47213595499958,0.03758844,0.023,0.047,0.1562146,0.1,0.2,0.3295033,0.25,0.35,8.421257,0.06557679,0.212208,0.25455061577676996,0.016484491281939975,True,0.1,0.85,10.0,10000.0,0.938,0.139
hermes.p.no-vmsub.zxpt.pi-.3,1 - 1 - 2021,52.657444,1.117911892771519,1.0,4.47213595499958,0.03758844,0.023,0.047,0.1595915,0.1,0.2,0.4420025,0.35,0.45,6.61693,0.06408729,0.6902392,0.20001094920292567,0.016484491281939965,True,0.1,0.85,10.0,10000.0,0.938,0.139
hermes.p.no-vmsub.zxpt.pi-.4,1 - 1 - 2021,52.657444,1.117911892771519,1.0,4.47213595499958,0.03758844,0.023,0.047,0.1627369,0.1,0.2,0.5859958,0.45,0.6,3.83095,0.05252037,0.631064,0.11579870813941633,0.010989660854626649,True,0.1,0.85,10.0,10000.0,0.938,0.139
hermes.p.no-vmsub.zxpt.pi-.5,1 - 1 - 2021,52.657444,1.117911892771519,1.0,4.47213595499958,0.03758844,0.023,0.047,0.168528,0.1,0.2,0.791671,0.6,0.8,1.516277,0.05341907,0.2495758,0.04583273542633284,0.008242245640969982,True,0.1,0.85,10.0,10000.0,0.938,0.139
hermes.p.no-vmsub.zxpt.pi-.6,1 - 1 - 2021,52.657444,1.117911892771519,1.0,4.47213595499958,0.03758844,0.023,0.047,0.2224191,0.2,0.25,1.357048,0.8,1.2,0.1631877,0.05294698,0.0268748,0.004932699420311575,0.008242245640969991,True,0.1,0.85,10.0,10000.0,0.938,0.139
hermes.p.no-vmsub.zxpt.pi-.7,1 - 1 - 2021,52.657444,1.117911892771519,1.0,4.47213595499958,0.03758844,0.023,0.047,0.2298026,0.2,0.25,0.1027844,0.0,0.15,1.605554,0.05024858,0.06766421,0.048531324879748476,0.021979321709253305,True,0.1,0.85,10.0,10000.0,0.938,0.139
hermes.p.no-vmsub.zxpt.pi-.8,1 - 1 - 2021,52.657444,1.117911892771519,1.0,4.47213595499958,0.03758844,0.023,0.047,0.2371517,0.2,0.25,0.2167211,0.15,0.25,3.681934,0.07193686,0.9713948,0.11129437884978757,0.03296898256387996,True,0.1,0.85,10.0,10000.0,0.938,0.139
hermes.p.no-vmsub.zxpt.pi-.9,1 - 1 - 2021,52.657444,1.117911892771519,1.0,4.47213595499958,0.03758844,0.023,0.047,0.2375678,0.2,0.25,0.3192526,0.25,0.35,4.296647,0.06846185,0.600022,0.12987540216685123,0.032968982563879964,True,0.1,0.85,10.0,10000.0,0.938,0.139
hermes.p.no-vmsub.zxpt.pi-.10,1 - 1 - 2021,52.657444,1.117911892771519,1.0,4.47213595499958,0.03758844,0.023,0.047,0.237648,0.2,0.25,0.4232715,0.35,0.45,3.837028,0.05820992,0.2125929,0.11598242876956587,0.032968982563879944,True,0.1,0.85,10.0,10000.0,0.938,0.139
hermes.p.no-vmsub.zxpt.pi-.11,1 - 1 - 2021,52.657444,1.117911892771519,1.0,4.47213595499958,0.03758844,0.023,0.047,0.2416315,0.2,0.25,0.5579382,0.45,0.6,2.573141,0.03814296,0.09083105,0.07777872424870225,0.02197932170925331,True,0.1,0.85,10.0,10000.0,0.938,0.139
hermes.p.no-vmsub.zxpt.pi-.12,1 - 1 - 2021,52.657444,1.117911892771519,1.0,4.47213595499958,0.03758844,0.023,0.047,0.2498273,0.2,0.25,0.7621706,0.6,0.8,1.038385,0.02467703,0.04439894,0.03138742127966896,0.016484491281939972,True,0.1,0.85,10.0,10000.0,0.938,0.139
hermes.p.no-vmsub.zxpt.pi-.13,1 - 1 - 2021,52.657444,1.117911892771519,1.0,4.47213595499958,0.03758844,0.023,0.047,0.2610851,0.25,0.3,1.073937,0.8,1.2,0.2228379,0.01428059,0.01037566,0.006735755085422792,0.008242245640969991,True,0.1,0.85,10.0,10000.0,0.938,0.139
hermes.p.no-vmsub.zxpt.pi-.14,1 - 1 - 2021,52.657444,1.117911892771519,1.0,4.47213595499958,0.03758844,0.023,0.047,0.2759505,0.25,0.3,0.1014392,0.0,0.15,1.071126,0.04286143,0.04287723,0.0323770884648822,0.021979321709253305,True,0.1,0.85,10.0,10000.0,0.938,0.139
hermes.p.no-vmsub.zxpt.pi-.15,1 - 1 - 2021,52.657444,1.117911892771519,1.0,4.47213595499958,0.03758844,0.023,0.047,0.2831545,0.25,0.3,0.2099467,0.15,0.25,2.122906,0.05788833,0.2203608,0.06416940244623807,0.03296898256387996,True,0.1,0.85,10.0,10000.0,0.938,0.139
hermes.p.no-vmsub.zxpt.pi-.16,1 - 1 - 2021,52.657444,1.117911892771519,1.0,4.47213595499958,0.03758844,0.023,0.047,0.2866118,0.25,0.3,0.3165897,0.25,0.35,2.732158,0.05998576,0.5383417,0.082585355285966,0.032968982563879964,True,0.1,0.85,10.0,10000.0,0.938,0.139
hermes.p.no-vmsub.zxpt.pi-.17,1 - 1 - 2021,52.657444,1.117911892771519,1.0,4.47213595499958,0.03758844,0.023,0.047,0.2871796,0.25,0.3,0.418118,0.35,0.45,2.612938,0.05170059,0.3024826,0.07898167421876826,0.032968982563879944,True,0.1,0.85,10.0,10000.0,0.938,0.139
hermes.p.no-vmsub.zxpt.pi-.18,1 - 1 - 2021,52.657444,1.117911892771519,1.0,4.47213595499958,0.03758844,0.023,0.047,0.290892,0.25,0.3,0.5500828,0.45,0.6,1.921104,0.0332597,0.09554088,0.05806950270858802,0.02197932170925331,True,0.1,0.85,10.0,10000.0,0.938,0.139
hermes.p.no-vmsub.zxpt.pi-.19,1 - 1 - 2021,52.657444,1.117911892771519,1.0,4.47213595499958,0.03758844,0.023,0.047,0.2955003,0.25,0.3,0.7398435,0.6,0.8,0.886988,0.01991157,0.02611701,0.026811121141013226,0.016484491281939972,True,0.1,0.85,10.0,10000.0,0.938,0.139
hermes.p.no-vmsub.zxpt.pi-.20,1 - 1 - 2021,52.657444,1.117911892771519,1.0,4.47213595499958,0.03758844,0.023,0.047,0.3014583,0.3,0.375,1.01777,0.8,1.2,0.1655277,0.007958475,0.005621933,0.005003430956104586,0.0054948304273133245,True,0.1,0.85,10.0,10000.0,0.938,0.139
hermes.p.no-vmsub.zxpt.pi-.21,1 - 1 - 2021,52.657444,1.117911892771519,1.0,4.47213595499958,0.03758844,0.023,0.047,0.3374792,0.3,0.375,0.101407,0.0,0.15,0.6284995,0.02825614,0.01915414,0.01899774994877748,0.014652881139502198,True,0.1,0.85,10.0,10000.0,0.938,0.139
hermes.p.no-vmsub.zxpt.pi-.22,1 - 1 - 2021,52.657444,1.117911892771519,1.0,4.47213595499958,0.03758844,0.023,0.047,0.3440591,0.3,0.375,0.2090721,0.15,0.25,1.362572,0.03747173,0.1546124,0.041186671020749625,0.021979321709253295,True,0.1,0.85,10.0,10000.0,0.938,0.139
hermes.p.no-vmsub.zxpt.pi-.23,1 - 1 - 2021,52.657444,1.117911892771519,1.0,4.47213595499958,0.03758844,0.023,0.047,0.3477932,0.3,0.375,0.3123826,0.25,0.35,1.712949,0.03854889,0.4072764,0.051777569873975145,0.021979321709253298,True,0.1,0.85,10.0,10000.0,0.938,0.139
hermes.p.no-vmsub.zxpt.pi-.24,1 - 1 - 2021,52.657444,1.117911892771519,1.0,4.47213595499958,0.03758844,0.023,0.047,0.3478862,0.3,0.375,0.4163624,0.35,0.45,1.815592,0.0380365,0.2782445,0.0548801754416683,0.021979321709253284,True,0.1,0.85,10.0,10000.0,0.938,0.139
hermes.p.no-vmsub.zxpt.pi-.25,1 - 1 - 2021,52.657444,1.117911892771519,1.0,4.47213595499958,0.03758844,0.023,0.047,0.3511359,0.3,0.375,0.5450922,0.45,0.6,1.354117,0.0226632,0.1135018,0.04093110045018129,0.014652881139502198,True,0.1,0.85,10.0,10000.0,0.938,0.139
hermes.p.no-vmsub.zxpt.pi-.26,1 - 1 - 2021,52.657444,1.117911892771519,1.0,4.47213595499958,0.03758844,0.023,0.047,0.35247,0.3,0.375,0.7219103,0.6,0.8,0.7028956,0.01352883,0.03516075,0.021246532175277652,0.010989660854626642,True,0.1,0.85,10.0,10000.0,0.938,0.139
hermes.p.no-vmsub.zxpt.pi-.27,1 - 1 - 2021,52.657444,1.117911892771519,1.0,4.47213595499958,0.03758844,0.023,0.047,0.3581437,0.3,0.375,0.9971298,0.8,1.2,0.175673,0.005111922,0.00923542,0.005310094481780155,0.0054948304273133245,True,0.1,0.85,10.0,10000.0,0.938,0.139
hermes.p.no-vmsub.zxpt.pi-.28,1 - 1 - 2021,52.657444,1.117911892771519,1.0,4.47213595499958,0.03758844,0.023,0.047,0.4212458,0.375,0.475,0.1038083,0.0,0.15,0.3181932,0.01763427,0.01111358,0.009618074237133591,0.010989660854626652,True,0.1,0.85,10.0,10000.0,0.938,0.139
hermes.p.no-vmsub.zxpt.pi-.29,1 - 1 - 2021,52.657444,1.117911892771519,1.0,4.47213595499958,0.03758844,0.023,0.047,0.4248629,0.375,0.475,0.2050348,0.15,0.25,0.7558447,0.02518621,0.05808068,0.02284703267179804,0.01648449128193998,True,0.1,0.85,10.0,10000.0,0.938,0.139
hermes.p.no-vmsub.zxpt.pi-.30,1 - 1 - 2021,52.657444,1.117911892771519,1.0,4.47213595499958,0.03758844,0.023,0.047,0.4295751,0.375,0.475,0.3079483,0.25,0.35,0.9548296,0.02585854,0.2232048,0.02886177949941284,0.016484491281939982,True,0.1,0.85,10.0,10000.0,0.938,0.139
hermes.p.no-vmsub.zxpt.pi-.31,1 - 1 - 2021,52.657444,1.117911892771519,1.0,4.47213595499958,0.03758844,0.023,0.047,0.4332765,0.375,0.475,0.4124587,0.35,0.45,1.08299,0.02600743,0.1585651,0.03273570339678317,0.016484491281939972,True,0.1,0.85,10.0,10000.0,0.938,0.139
hermes.p.no-vmsub.zxpt.pi-.32,1 - 1 - 2021,52.657444,1.117911892771519,1.0,4.47213595499958,0.03758844,0.023,0.047,0.4331425,0.375,0.475,0.5382168,0.45,0.6,0.8357446,0.01752437,0.06514794,0.025262179097741616,0.010989660854626654,True,0.1,0.85,10.0,10000.0,0.938,0.139
hermes.p.no-vmsub.zxpt.pi-.33,1 - 1 - 2021,52.657444,1.117911892771519,1.0,4.47213595499958,0.03758844,0.023,0.047,0.4375076,0.375,0.475,0.71512,0.6,0.8,0.4700587,0.009707649,0.01954462,0.014208535796523957,0.008242245640969986,True,0.1,0.85,10.0,10000.0,0.938,0.139
hermes.p.no-vmsub.zxpt.pi-.34,1 - 1 - 2021,52.657444,1.117911892771519,1.0,4.47213595499958,0.03758844,0.023,0.047,0.4407623,0.375,0.475,0.9784643,0.8,1.2,0.1196203,0.003232192,0.00513586,0.003615780996162681,0.0041211228204849955,True,0.1,0.85,10.0,10000.0,0.938,0.139
hermes.p.no-vmsub.zxpt.pi-.35,1 - 1 - 2021,52.657444,1.117911892771519,1.0,4.47213595499958,0.03758844,0.023,0.047,0.5321032,0.475,0.6,0.1037318,0.0,0.15,0.1454458,0.01027184,0.004188973,0.004396412311385927,0.00879172868370132,True,0.1,0.85,10.0,10000.0,0.938,0.139
hermes.p.no-vmsub.zxpt.pi-.36,1 - 1 - 2021,52.657444,1.117911892771519,1.0,4.47213595499958,0.03758844,0.023,0.047,0.5344866,0.475,0.6,0.2050285,0.15,0.25,0.3739983,0.01680257,0.08873972,0.011304903479903906,0.013187593025551978,True,0.1,0.85,10.0,10000.0,0.938,0.139
hermes.p.no-vmsub.zxpt.pi-.37,1 - 1 - 2021,52.657444,1.117911892771519,1.0,4.47213595499958,0.03758844,0.023,0.047,0.5434017,0.475,0.6,0.3093208,0.25,0.35,0.5329042,0.01801784,0.07653399,0.016108176280575093,0.013187593025551982,True,0.1,0.85,10.0,10000.0,0.938,0.139
hermes.p.no-vmsub.zxpt.pi-.38,1 - 1 - 2021,52.657444,1.117911892771519,1.0,4.47213595499958,0.03758844,0.023,0.047,0.5420689,0.475,0.6,0.4084944,0.35,0.45,0.5249828,0.01708896,0.0241495,0.015868734918339726,0.013187593025551975,True,0.1,0.85,10.0,10000.0,0.938,0.139
hermes.p.no-vmsub.zxpt.pi-.39,1 - 1 - 2021,52.657444,1.117911892771519,1.0,4.47213595499958,0.03758844,0.023,0.047,0.5403907,0.475,0.6,0.5308294,0.45,0.6,0.4841504,0.01233786,0.04604953,0.014634487755042919,0.008791728683701322,True,0.1,0.85,10.0,10000.0,0.938,0.139
hermes.p.no-vmsub.zxpt.pi-.40,1 - 1 - 2021,52.657444,1.117911892771519,1.0,4.47213595499958,0.03758844,0.023,0.047,0.5478636,0.475,0.6,0.7021481,0.6,0.8,0.2829609,0.007484369,0.03988516,0.008553102148022441,0.006593796512775987,True,0.1,0.85,10.0,10000.0,0.938,0.139
hermes.p.no-vmsub.zxpt.pi-.41,1 - 1 - 2021,52.657444,1.117911892771519,1.0,4.47213595499958,0.03758844,0.023,0.047,0.5402718,0.475,0.6,0.9611854,0.8,1.2,0.0955854,0.002630826,0.01339492,0.002889274419397112,0.0032968982563879954,True,0.1,0.85,10.0,10000.0,0.938,0.139
hermes.p.no-vmsub.zxpt.pi-.42,1 - 1 - 2021,52.657444,1.117911892771519,1.0,4.47213595499958,0.03758844,0.023,0.047,0.6899448,0.6,0.8,0.1014492,0.0,0.15,0.08054307,0.006245882,0.002576952,0.00243458762332648,0.005494830427313323,True,0.1,0.85,10.0,10000.0,0.938,0.139
hermes.p.no-vmsub.zxpt.pi-.43,1 - 1 - 2021,52.657444,1.117911892771519,1.0,4.47213595499958,0.03758844,0.023,0.047,0.6940781,0.6,0.8,0.2034127,0.15,0.25,0.22117,0.01023308,0.0391053,0.00668533921852144,0.008242245640969984,True,0.1,0.85,10.0,10000.0,0.938,0.139
hermes.p.no-vmsub.zxpt.pi-.44,1 - 1 - 2021,52.657444,1.117911892771519,1.0,4.47213595499958,0.03758844,0.023,0.047,0.6902786,0.6,0.8,0.300395,0.25,0.35,0.3033031,0.01117933,0.08474794,0.00916798892041927,0.008242245640969986,True,0.1,0.85,10.0,10000.0,0.938,0.139
hermes.p.no-vmsub.zxpt.pi-.45,1 - 1 - 2021,52.657444,1.117911892771519,1.0,4.47213595499958,0.03758844,0.023,0.047,0.685912,0.6,0.8,0.4009562,0.35,0.45,0.30027,0.01097375,0.0396703,0.009076306945541585,0.00824224564096998,True,0.1,0.85,10.0,10000.0,0.938,0.139
hermes.p.no-vmsub.zxpt.pi-.46,1 - 1 - 2021,52.657444,1.117911892771519,1.0,4.47213595499958,0.03758844,0.023,0.047,0.6873729,0.6,0.8,0.5236346,0.45,0.6,0.2250955,0.007047059,0.03210393,0.006803995903887023,0.005494830427313324,True,0.1,0.85,10.0,10000.0,0.938,0.139
hermes.p.no-vmsub.zxpt.pi-.47,1 - 1 - 2021,52.657444,1.117911892771519,1.0,4.47213595499958,0.03758844,0.023,0.047,0.6880805,0.6,0.8,0.6928845,0.6,0.8,0.1338779,0.004385923,0.02098629,0.004046747639206454,0.00412112282048499,True,0.1,0.85,10.0,10000.0,0.938,0.139
hermes.p.no-vmsub.zxpt.pi-.48,1 - 1 - 2021,52.657444,1.117911892771519,1.0,4.47213595499958,0.03758844,0.023,0.047,0.686238,0.6,0.8,0.9517994,0.8,1.2,0.04007812,0.001521157,0.006329777,0.0012114474270498192,0.0020605614102424965,True,0.1,0.85,10.0,10000.0,0.938,0.139
hermes.p.no-vmsub.zxpt.pi-.49,1 - 1 - 2021,52.657444,1.117911892771519,1.0,4.47213595499958,0.03758844,0.023,0.047,0.8929212,0.8,1.1,0.1083702,0.0,0.15,0.0445909,0.00283047,0.001499417,0.0013478559142703246,0.0036632202848755494,True,0.1,0.85,10.0,10000.0,0.938,0.139
hermes.p.no-vmsub.zxpt.pi-.50,1 - 1 - 2021,52.657444,1.117911892771519,1.0,4.47213595499958,0.03758844,0.023,0.047,0.874397,0.8,1.1,0.2019668,0.15,0.25,0.09444478,0.006280298,0.01667803,0.0028547967252277855,0.005494830427313324,True,0.1,0.85,10.0,10000.0,0.938,0.139
hermes.p.no-vmsub.zxpt.pi-.51,1 - 1 - 2021,52.657444,1.117911892771519,1.0,4.47213595499958,0.03758844,0.023,0.047,0.8756005,0.8,1.1,0.2968198,0.25,0.35,0.07550392,0.005469381,0.02111913,0.002282268470082314,0.0054948304273133245,True,0.1,0.85,10.0,10000.0,0.938,0.139
hermes.p.no-vmsub.zxpt.pi-.52,1 - 1 - 2021,52.657444,1.117911892771519,1.0,4.47213595499958,0.03758844,0.023,0.047,0.8625979,0.8,1.1,0.4033756,0.35,0.45,0.07657691,0.005291892,0.0102439,0.002314701901958614,0.005494830427313321,True,0.1,0.85,10.0,10000.0,0.938,0.139
hermes.p.no-vmsub.zxpt.pi-.53,1 - 1 - 2021,52.657444,1.117911892771519,1.0,4.47213595499958,0.03758844,0.023,0.047,0.8633378,0.8,1.1,0.5154033,0.45,0.6,0.05718687,0.004238705,0.008219012,0.001728596214656089,0.0036632202848755494,True,0.1,0.85,10.0,10000.0,0.938,0.139
hermes.p.no-vmsub.zxpt.pi-.54,1 - 1 - 2021,52.657444,1.117911892771519,1.0,4.47213595499958,0.03758844,0.023,0.047,0.8587443,0.8,1.1,0.6939034,0.6,0.8,0.02375055,0.002206593,0.003735056,0.0007179114860806365,0.0027474152136566605,True,0.1,0.85,10.0,10000.0,0.938,0.139
hermes.p.no-vmsub.zxpt.pi-.55,1 - 1 - 2021,52.657444,1.117911892771519,1.0,4.47213595499958,0.03758844,0.023,0.047,0.8481465,0.8,1.1,0.9284211,0.8,1.2,0.007001483,0.0008432902,0.001102476,0.00021163489120455372,0.0013737076068283311,True,0.1,0.85,10.0,10000.0,0.938,0.139
hermes.p.no-vmsub.zxpt.pi-.56,1 - 1 - 2021,52.657444,1.2288104003466116,1.0,4.47213595499958,0.06109764,0.047,0.075,0.1448088,0.1,0.2,0.1042913,0.0,0.15,3.367526,0.04506846,0.2035515,0.08048704221826841,0.005737335878031426,True,0.1,0.85,10.0,10000.0,0.938,0.139
hermes.p.no-vmsub.zxpt.pi-.57,1 - 1 - 2021,52.657444,1.2288104003466116,1.0,4.47213595499958,0.06109764,0.047,0.075,0.1460035,0.1,0.2,0.2106578,0.15,0.25,6.861544,0.06672843,1.11747,0.1639973623397433,0.008606003817047138,True,0.1,0.85,10.0,10000.0,0.938,0.139
hermes.p.no-vmsub.zxpt.pi-.58,1 - 1 - 2021,52.657444,1.2288104003466116,1.0,4.47213595499958,0.06109764,0.047,0.075,0.148345,0.1,0.2,0.3126589,0.25,0.35,7.361563,0.06675554,0.422527,0.1759482872510688,0.00860600381704714,True,0.1,0.85,10.0,10000.0,0.938,0.139
hermes.p.no-vmsub.zxpt.pi-.59,1 - 1 - 2021,52.657444,1.2288104003466116,1.0,4.47213595499958,0.06109764,0.047,0.075,0.1506585,0.1,0.2,0.4186128,0.35,0.45,5.711704,0.06401824,0.2750542,0.13651510366549585,0.008606003817047134,True,0.1,0.85,10.0,10000.0,0.938,0.139
hermes.p.no-vmsub.zxpt.pi-.60,1 - 1 - 2021,52.657444,1.2288104003466116,1.0,4.47213595499958,0.06109764,0.047,0.075,0.1540164,0.1,0.2,0.5541303,0.45,0.6,3.31217,0.05346639,0.38136,0.0791639816957856,0.005737335878031426,True,0.1,0.85,10.0,10000.0,0.938,0.139
hermes.p.no-vmsub.zxpt.pi-.61,1 - 1 - 2021,52.657444,1.2288104003466116,1.0,4.47213595499958,0.06109764,0.047,0.075,0.1594547,0.1,0.2,0.7513606,0.6,0.8,1.320116,0.0569799,0.1851814,0.031552015403893435,0.004303001908523567,True,0.1,0.85,10.0,10000.0,0.938,0.139
hermes.p.no-vmsub.zxpt.pi-.62,1 - 1 - 2021,52.657444,1.2292367550638892,1.0,4.47213595499958,0.06109442,0.047,0.075,0.2029049,0.2,0.25,1.206751,0.8,1.2,0.1360592,0.05247167,0.02018836,0.003251942991556361,0.004303001908523571,True,0.1,0.85,10.0,10000.0,0.938,0.139
hermes.p.no-vmsub.zxpt.pi-.63,1 - 1 - 2021,52.657444,1.2288104003466116,1.0,4.47213595499958,0.06109764,0.047,0.075,0.2238179,0.2,0.25,0.1007701,0.0,0.15,1.662189,0.0310696,0.08611948,0.03972788219533906,0.011474671756062853,True,0.1,0.85,10.0,10000.0,0.938,0.139
hermes.p.no-vmsub.zxpt.pi-.64,1 - 1 - 2021,52.657444,1.2288104003466116,1.0,4.47213595499958,0.06109764,0.047,0.075,0.2261151,0.2,0.25,0.2055796,0.15,0.25,3.274455,0.05251123,0.1224502,0.07826255768383678,0.017212007634094282,True,0.1,0.85,10.0,10000.0,0.938,0.139
hermes.p.no-vmsub.zxpt.pi-.65,1 - 1 - 2021,52.657444,1.2288104003466116,1.0,4.47213595499958,0.06109764,0.047,0.075,0.2273944,0.2,0.25,0.3058954,0.25,0.35,3.786061,0.05853504,0.7650699,0.09049042280532936,0.017212007634094285,True,0.1,0.85,10.0,10000.0,0.938,0.139
hermes.p.no-vmsub.zxpt.pi-.66,1 - 1 - 2021,52.657444,1.2288104003466116,1.0,4.47213595499958,0.06109764,0.047,0.075,0.2282635,0.2,0.25,0.4071821,0.35,0.45,3.377637,0.05226206,0.379483,0.08072870463865327,0.017212007634094275,True,0.1,0.85,10.0,10000.0,0.938,0.139
hermes.p.no-vmsub.zxpt.pi-.67,1 - 1 - 2021,52.657444,1.2288104003466116,1.0,4.47213595499958,0.06109764,0.047,0.075,0.2326019,0.2,0.25,0.5383136,0.45,0.6,2.081506,0.03403389,0.08605569,0.04974995331872094,0.011474671756062857,True,0.1,0.85,10.0,10000.0,0.938,0.139
hermes.p.no-vmsub.zxpt.pi-.68,1 - 1 - 2021,52.657444,1.2288104003466116,1.0,4.47213595499958,0.06109764,0.047,0.075,0.2376982,0.2,0.25,0.7228639,0.6,0.8,0.8648507,0.02388716,0.01680931,0.020670746062064257,0.008606003817047138,True,0.1,0.85,10.0,10000.0,0.938,0.139
hermes.p.no-vmsub.zxpt.pi-.69,1 - 1 - 2021,52.657444,1.2288104003466116,1.0,4.47213595499958,0.06109764,0.047,0.075,0.2470436,0.2,0.25,1.016467,0.8,1.2,0.1612785,0.01431764,0.004759843,0.00385470800771813,0.004303001908523571,True,0.1,0.85,10.0,10000.0,0.938,0.139
hermes.p.no-vmsub.zxpt.pi-.70,1 - 1 - 2021,52.657444,1.2288104003466116,1.0,4.47213595499958,0.06109764,0.047,0.075,0.2737029,0.25,0.3,0.1008558,0.0,0.15,1.01834,0.02363941,0.1388749,0.024339284855573934,0.011474671756062853,True,0.1,0.85,10.0,10000.0,0.938,0.139
hermes.p.no-vmsub.zxpt.pi-.71,1 - 1 - 2021,52.657444,1.2288104003466116,1.0,4.47213595499958,0.06109764,0.047,0.075,0.2751344,0.25,0.3,0.2041106,0.15,0.25,2.053737,0.04149423,0.068885,0.04908624807179512,0.017212007634094282,True,0.1,0.85,10.0,10000.0,0.938,0.139
hermes.p.no-vmsub.zxpt.pi-.72,1 - 1 - 2021,52.657444,1.2288104003466116,1.0,4.47213595499958,0.06109764,0.047,0.075,0.2762683,0.25,0.3,0.3036591,0.25,0.35,2.523508,0.0488179,0.6549902,0.06031421730200097,0.017212007634094285,True,0.1,0.85,10.0,10000.0,0.938,0.139
hermes.p.no-vmsub.zxpt.pi-.73,1 - 1 - 2021,52.657444,1.2288104003466116,1.0,4.47213595499958,0.06109764,0.047,0.075,0.2778252,0.25,0.3,0.4056287,0.35,0.45,2.317813,0.04614487,0.3880816,0.055397913122289595,0.017212007634094275,True,0.1,0.85,10.0,10000.0,0.938,0.139
hermes.p.no-vmsub.zxpt.pi-.74,1 - 1 - 2021,52.657444,1.2288104003466116,1.0,4.47213595499958,0.06109764,0.047,0.075,0.2812356,0.25,0.3,0.532295,0.45,0.6,1.617956,0.02874445,0.1550664,0.038670671846127005,0.011474671756062857,True,0.1,0.85,10.0,10000.0,0.938,0.139
hermes.p.no-vmsub.zxpt.pi-.75,1 - 1 - 2021,52.657444,1.2288104003466116,1.0,4.47213595499958,0.06109764,0.047,0.075,0.2858259,0.25,0.3,0.713103,0.6,0.8,0.7076443,0.01811008,0.04585532,0.016913365078582022,0.008606003817047138,True,0.1,0.85,10.0,10000.0,0.938,0.139
hermes.p.no-vmsub.zxpt.pi-.76,1 - 1 - 2021,52.657444,1.2288104003466116,1.0,4.47213595499958,0.06109764,0.047,0.075,0.2910801,0.25,0.3,0.9840368,0.8,1.2,0.1448315,0.007767754,0.009694298,0.0034616092214388673,0.004303001908523571,True,0.1,0.85,10.0,10000.0,0.938,0.139
hermes.p.no-vmsub.zxpt.pi-.77,1 - 1 - 2021,52.657444,1.2288104003466116,1.0,4.47213595499958,0.06109764,0.047,0.075,0.3345382,0.3,0.375,0.1010232,0.0,0.15,0.6517554,0.01395515,0.07440845,0.015577567744327564,0.007649781170708567,True,0.1,0.85,10.0,10000.0,0.938,0.139
hermes.p.no-vmsub.zxpt.pi-.78,1 - 1 - 2021,52.657444,1.2288104003466116,1.0,4.47213595499958,0.06109764,0.047,0.075,0.3351228,0.3,0.375,0.2047656,0.15,0.25,1.352103,0.0261119,0.03569745,0.032316534822432665,0.01147467175606285,True,0.1,0.85,10.0,10000.0,0.938,0.139
hermes.p.no-vmsub.zxpt.pi-.79,1 - 1 - 2021,52.657444,1.2288104003466116,1.0,4.47213595499958,0.06109764,0.047,0.075,0.3380117,0.3,0.375,0.3034515,0.25,0.35,1.618793,0.02989549,0.03581628,0.03869067693423522,0.011474671756062852,True,0.1,0.85,10.0,10000.0,0.938,0.139
hermes.p.no-vmsub.zxpt.pi-.80,1 - 1 - 2021,52.657444,1.2288104003466116,1.0,4.47213595499958,0.06109764,0.047,0.075,0.3380667,0.3,0.375,0.4025394,0.35,0.45,1.661462,0.03190928,0.3500926,0.03971050621080541,0.011474671756062845,True,0.1,0.85,10.0,10000.0,0.938,0.139
hermes.p.no-vmsub.zxpt.pi-.81,1 - 1 - 2021,52.657444,1.2288104003466116,1.0,4.47213595499958,0.06109764,0.047,0.075,0.3410524,0.3,0.375,0.5287276,0.45,0.6,1.148244,0.01970433,0.1560562,0.02744411277147479,0.007649781170708567,True,0.1,0.85,10.0,10000.0,0.938,0.139
hermes.p.no-vmsub.zxpt.pi-.82,1 - 1 - 2021,52.657444,1.2288104003466116,1.0,4.47213595499958,0.06109764,0.047,0.075,0.3416756,0.3,0.375,0.697076,0.6,0.8,0.5936173,0.01152542,0.05539028,0.014188012412255915,0.005737335878031422,True,0.1,0.85,10.0,10000.0,0.938,0.139
hermes.p.no-vmsub.zxpt.pi-.83,1 - 1 - 2021,52.657444,1.2288104003466116,1.0,4.47213595499958,0.06109764,0.047,0.075,0.3495987,0.3,0.375,0.9590017,0.8,1.2,0.1206011,0.00426659,0.01135642,0.002882479846412355,0.002868667939015713,True,0.1,0.85,10.0,10000.0,0.938,0.139
hermes.p.no-vmsub.zxpt.pi-.84,1 - 1 - 2021,52.657444,1.2288104003466116,1.0,4.47213595499958,0.06109764,0.047,0.075,0.4203812,0.375,0.475,0.09965866,0.0,0.15,0.3056703,0.008197322,0.009630875,0.007305807985141251,0.005737335878031427,True,0.1,0.85,10.0,10000.0,0.938,0.139
hermes.p.no-vmsub.zxpt.pi-.85,1 - 1 - 2021,52.657444,1.2288104003466116,1.0,4.47213595499958,0.06109764,0.047,0.075,0.4205517,0.375,0.475,0.2035568,0.15,0.25,0.6685293,0.01526547,0.0180809,0.015978479748411573,0.008606003817047141,True,0.1,0.85,10.0,10000.0,0.938,0.139
hermes.p.no-vmsub.zxpt.pi-.86,1 - 1 - 2021,52.657444,1.2288104003466116,1.0,4.47213595499958,0.06109764,0.047,0.075,0.4226551,0.375,0.475,0.3022211,0.25,0.35,0.8679345,0.01859176,0.01993311,0.02074445178572985,0.008606003817047143,True,0.1,0.85,10.0,10000.0,0.938,0.139
hermes.p.no-vmsub.zxpt.pi-.87,1 - 1 - 2021,52.657444,1.2288104003466116,1.0,4.47213595499958,0.06109764,0.047,0.075,0.4235563,0.375,0.475,0.4031503,0.35,0.45,0.8780345,0.01974039,0.1825999,0.020985851295757245,0.008606003817047138,True,0.1,0.85,10.0,10000.0,0.938,0.139
hermes.p.no-vmsub.zxpt.pi-.88,1 - 1 - 2021,52.657444,1.2288104003466116,1.0,4.47213595499958,0.06109764,0.047,0.075,0.4263696,0.375,0.475,0.5259415,0.45,0.6,0.7192748,0.01428881,0.09556922,0.01719134497970812,0.0057373358780314285,True,0.1,0.85,10.0,10000.0,0.938,0.139
hermes.p.no-vmsub.zxpt.pi-.89,1 - 1 - 2021,52.657444,1.2288104003466116,1.0,4.47213595499958,0.06109764,0.047,0.075,0.4277857,0.375,0.475,0.6967188,0.6,0.8,0.3946929,0.008357903,0.03363053,0.009433531947652608,0.004303001908523569,True,0.1,0.85,10.0,10000.0,0.938,0.139
hermes.p.no-vmsub.zxpt.pi-.90,1 - 1 - 2021,52.657444,1.2288104003466116,1.0,4.47213595499958,0.06109764,0.047,0.075,0.4352562,0.375,0.475,0.9539559,0.8,1.2,0.09612445,0.002783593,0.008222506,0.0022974648645200757,0.0021515009542617857,True,0.1,0.85,10.0,10000.0,0.938,0.139
hermes.p.no-vmsub.zxpt.pi-.91,1 - 1 - 2021,52.657444,1.2288104003466116,1.0,4.47213595499958,0.06109764,0.047,0.075,0.5306731,0.475,0.6,0.1017949,0.0,0.15,0.1585185,0.005322199,0.00430734,0.003788741408938367,0.004589868702425141,True,0.1,0.85,10.0,10000.0,0.938,0.139
hermes.p.no-vmsub.zxpt.pi-.92,1 - 1 - 2021,52.657444,1.2288104003466116,1.0,4.47213595499958,0.06109764,0.047,0.075,0.5341231,0.475,0.6,0.2038984,0.15,0.25,0.3608924,0.009972136,0.01551449,0.008625668171545585,0.006884803053637711,True,0.1,0.85,10.0,10000.0,0.938,0.139
hermes.p.no-vmsub.zxpt.pi-.93,1 - 1 - 2021,52.657444,1.2288104003466116,1.0,4.47213595499958,0.06109764,0.047,0.075,0.5340819,0.475,0.6,0.3029521,0.25,0.35,0.4598123,0.01198596,0.08513406,0.010989946923224678,0.0068848030536377116,True,0.1,0.85,10.0,10000.0,0.938,0.139
hermes.p.no-vmsub.zxpt.pi-.94,1 - 1 - 2021,52.657444,1.2288104003466116,1.0,4.47213595499958,0.06109764,0.047,0.075,0.5357603,0.475,0.6,0.4018593,0.35,0.45,0.5031628,0.01293714,0.05002003,0.012026064691486317,0.006884803053637708,True,0.1,0.85,10.0,10000.0,0.938,0.139
hermes.p.no-vmsub.zxpt.pi-.95,1 - 1 - 2021,52.657444,1.2288104003466116,1.0,4.47213595499958,0.06109764,0.047,0.075,0.5356029,0.475,0.6,0.522994,0.45,0.6,0.3981277,0.00962814,0.01309474,0.009515626901815191,0.004589868702425141,True,0.1,0.85,10.0,10000.0,0.938,0.139
hermes.p.no-vmsub.zxpt.pi-.96,1 - 1 - 2021,52.657444,1.2288104003466116,1.0,4.47213595499958,0.06109764,0.047,0.075,0.5365211,0.475,0.6,0.6913482,0.6,0.8,0.2502874,0.006393288,0.01260267,0.005982104527329748,0.003442401526818854,True,0.1,0.85,10.0,10000.0,0.938,0.139
hermes.p.no-vmsub.zxpt.pi-.97,1 - 1 - 2021,52.657444,1.2288104003466116,1.0,4.47213595499958,0.06109764,0.047,0.075,0.5407959,0.475,0.6,0.9437801,0.8,1.2,0.07047589,0.002115871,0.003821508,0.0016844401301727265,0.0017212007634094279,True,0.1,0.85,10.0,10000.0,0.938,0.139
hermes.p.no-vmsub.zxpt.pi-.98,1 - 1 - 2021,52.657444,1.2288104003466116,1.0,4.47213595499958,0.06109764,0.047,0.075,0.6912462,0.6,0.8,0.1006646,0.0,0.15,0.07563524,0.003005383,0.005237392,0.0018077534531489483,0.0028686679390157116,True,0.1,0.85,10.0,10000.0,0.938,0.139
hermes.p.no-vmsub.zxpt.pi-.99,1 - 1 - 2021,52.657444,1.2288104003466116,1.0,4.47213595499958,0.06109764,0.047,0.075,0.6937286,0.6,0.8,0.2034628,0.15,0.25,0.1589523,0.005400267,0.01670269,0.003799109637398751,0.004303001908523568,True,0.1,0.85,10.0,10000.0,0.938,0.139
hermes.p.no-vmsub.zxpt.pi-.100,1 - 1 - 2021,52.657444,1.2288104003466116,1.0,4.47213595499958,0.06109764,0.047,0.075,0.6925913,0.6,0.8,0.3007179,0.25,0.35,0.2607457,0.007283529,0.05628777,0.006232067744727719,0.004303001908523569,True,0.1,0.85,10.0,10000.0,0.938,0.139
hermes.p.no-vmsub.zxpt.pi-.101,1 - 1 - 2021,52.657444,1.2288104003466116,1.0,4.47213595499958,0.06109764,0.047,0.075,0.6867716,0.6,0.8,0.4011502,0.35,0.45,0.2760854,0.007512676,0.08561174,0.006598701018387838,0.004303001908523566,True,0.1,0.85,10.0,10000.0,0.938,0.139
hermes.p.no-vmsub.zxpt.pi-.102,1 - 1 - 2021,52.657444,1.2288104003466116,1.0,4.47213595499958,0.06109764,0.047,0.075,0.6889838,0.6,0.8,0.5192567,0.45,0.6,0.2265442,0.005375913,0.01620921,0.005414619691044359,0.0028686679390157125,True,0.1,0.85,10.0,10000.0,0.938,0.139
hermes.p.no-vmsub.zxpt.pi-.103,1 - 1 - 2021,52.657444,1.2288104003466116,1.0,4.47213595499958,0.06109764,0.047,0.075,0.6865615,0.6,0.8,0.6890118,0.6,0.8,0.1179509,0.003510212,0.008464968,0.00281913757101883,0.002151500954261783,True,0.1,0.85,10.0,10000.0,0.938,0.139
hermes.p.no-vmsub.zxpt.pi-.104,1 - 1 - 2021,52.657444,1.2288104003466116,1.0,4.47213595499958,0.06109764,0.047,0.075,0.6872015,0.6,0.8,0.9398499,0.8,1.2,0.04303961,0.001379843,0.003100362,0.001028687204531697,0.0010757504771308922,True,0.1,0.85,10.0,10000.0,0.938,0.139
hermes.p.no-vmsub.zxpt.pi-.105,1 - 1 - 2021,52.657444,1.2288104003466116,1.0,4.47213595499958,0.06109764,0.047,0.075,0.8899017,0.8,1.1,0.09830213,0.0,0.15,0.05389422,0.001748006,0.003623526,0.00128812260408996,0.0019124452926771417,True,0.1,0.85,10.0,10000.0,0.938,0.139
hermes.p.no-vmsub.zxpt.pi-.106,1 - 1 - 2021,52.657444,1.2288104003466116,1.0,4.47213595499958,0.06109764,0.047,0.075,0.8818841,0.8,1.1,0.2019586,0.15,0.25,0.08248055,0.002883438,0.008673515,0.00197136280760297,0.0028686679390157125,True,0.1,0.85,10.0,10000.0,0.938,0.139
hermes.p.no-vmsub.zxpt.pi-.107,1 - 1 - 2021,52.657444,1.2288104003466116,1.0,4.47213595499958,0.06109764,0.047,0.075,0.8745557,0.8,1.1,0.2976572,0.25,0.35,0.09417983,0.003171549,0.02032638,0.002250986615491415,0.002868667939015713,True,0.1,0.85,10.0,10000.0,0.938,0.139
hermes.p.no-vmsub.zxpt.pi-.108,1 - 1 - 2021,52.657444,1.2288104003466116,1.0,4.47213595499958,0.06109764,0.047,0.075,0.8671551,0.8,1.1,0.3997915,0.35,0.45,0.07213868,0.003122837,0.02234027,0.0017241823768339593,0.002868667939015711,True,0.1,0.85,10.0,10000.0,0.938,0.139
hermes.p.no-vmsub.zxpt.pi-.109,1 - 1 - 2021,52.657444,1.2288104003466116,1.0,4.47213595499958,0.06109764,0.047,0.075,0.8692246,0.8,1.1,0.5163986,0.45,0.6,0.05193836,0.002319533,0.003768267,0.001241375708477863,0.0019124452926771417,True,0.1,0.85,10.0,10000.0,0.938,0.139
hermes.p.no-vmsub.zxpt.pi-.110,1 - 1 - 2021,52.657444,1.2288104003466116,1.0,4.47213595499958,0.06109764,0.047,0.075,0.863829,0.8,1.1,0.6813995,0.6,0.8,0.02046266,0.001311983,0.001486629,0.0004890768413719961,0.0014343339695078556,True,0.1,0.85,10.0,10000.0,0.938,0.139
hermes.p.no-vmsub.zxpt.pi-.111,1 - 1 - 2021,52.657444,1.2288104003466116,1.0,4.47213595499958,0.06109764,0.047,0.075,0.8655437,0.8,1.1,0.9214729,0.8,1.2,0.004241336,0.0004191054,0.0003133617,0.00010137192398629193,0.0007171669847539282,True,0.1,0.85,10.0,10000.0,0.938,0.139
hermes.p.no-vmsub.zxpt.pi-.112,1 - 1 - 2021,52.657444,1.3493231636639162,1.0,4.47213595499958,0.09573812,0.075,0.12,0.1422039,0.1,0.2,0.1017217,0.0,0.15,2.977117,0.04216188,0.2489141,0.046151943182323296,0.003921256161345701,True,0.1,0.85,10.0,10000.0,0.938,0.139
hermes.p.no-vmsub.zxpt.pi-.113,1 - 1 - 2021,52.657444,1.3493231636639162,1.0,4.47213595499958,0.09573812,0.075,0.12,0.1431357,0.1,0.2,0.2047015,0.15,0.25,6.188854,0.07340097,1.543171,0.09594101883523365,0.0058818842420185515,True,0.1,0.85,10.0,10000.0,0.938,0.139
hermes.p.no-vmsub.zxpt.pi-.114,1 - 1 - 2021,52.657444,1.3493231636639162,1.0,4.47213595499958,0.09573812,0.075,0.12,0.1452705,0.1,0.2,0.3053796,0.25,0.35,6.395395,0.0727207,0.8247918,0.09914286427725699,0.005881884242018552,True,0.1,0.85,10.0,10000.0,0.938,0.139
hermes.p.no-vmsub.zxpt.pi-.115,1 - 1 - 2021,52.657444,1.3493231636639162,1.0,4.47213595499958,0.09573812,0.075,0.12,0.146431,0.1,0.2,0.4056413,0.35,0.45,4.891564,0.06710049,0.1964788,0.07583013492607045,0.005881884242018549,True,0.1,0.85,10.0,10000.0,0.938,0.139
hermes.p.no-vmsub.zxpt.pi-.116,1 - 1 - 2021,52.657444,1.3493231636639162,1.0,4.47213595499958,0.09573812,0.075,0.12,0.1460415,0.1,0.2,0.5286145,0.45,0.6,2.915373,0.05540953,0.2052315,0.0451947736858442,0.003921256161345701,True,0.1,0.85,10.0,10000.0,0.938,0.139
hermes.p.no-vmsub.zxpt.pi-.117,1 - 1 - 2021,52.657444,1.3493231636639162,1.0,4.47213595499958,0.09573812,0.075,0.12,0.151025,0.1,0.2,0.6990824,0.6,0.8,1.028147,0.05455552,0.109496,0.015938568059997694,0.0029409421210092744,True,0.1,0.85,10.0,10000.0,0.938,0.139
hermes.p.no-vmsub.zxpt.pi-.118,1 - 1 - 2021,52.657444,1.3493231636639162,1.0,4.47213595499958,0.09573812,0.075,0.12,0.1546509,0.1,0.2,0.8888896,0.8,1.2,0.09952723,0.03490824,0.01062754,0.0015428937001985554,0.001470471060504638,True,0.1,0.85,10.0,10000.0,0.938,0.139
hermes.p.no-vmsub.zxpt.pi-.119,1 - 1 - 2021,52.657444,1.3493231636639162,1.0,4.47213595499958,0.09573812,0.075,0.12,0.2232183,0.2,0.25,0.1006469,0.0,0.15,1.356666,0.02608072,0.184868,0.021031344132390436,0.007842512322691404,True,0.1,0.85,10.0,10000.0,0.938,0.139
hermes.p.no-vmsub.zxpt.pi-.120,1 - 1 - 2021,52.657444,1.3493231636639162,1.0,4.47213595499958,0.09573812,0.075,0.12,0.2241254,0.2,0.25,0.2034049,0.15,0.25,2.846578,0.05137957,0.1453347,0.04412829798763418,0.011763768484037106,True,0.1,0.85,10.0,10000.0,0.938,0.139
hermes.p.no-vmsub.zxpt.pi-.121,1 - 1 - 2021,52.657444,1.3493231636639162,1.0,4.47213595499958,0.09573812,0.075,0.12,0.2245165,0.2,0.25,0.3013917,0.25,0.35,3.293177,0.06065616,0.9027529,0.05105157701001805,0.011763768484037108,True,0.1,0.85,10.0,10000.0,0.938,0.139
hermes.p.no-vmsub.zxpt.pi-.122,1 - 1 - 2021,52.657444,1.3493231636639162,1.0,4.47213595499958,0.09573812,0.075,0.12,0.2259766,0.2,0.25,0.4017832,0.35,0.45,2.719717,0.05288445,0.4985651,0.04216166998340972,0.011763768484037101,True,0.1,0.85,10.0,10000.0,0.938,0.139
hermes.p.no-vmsub.zxpt.pi-.123,1 - 1 - 2021,52.657444,1.3493231636639162,1.0,4.47213595499958,0.09573812,0.075,0.12,0.2269704,0.2,0.25,0.5227084,0.45,0.6,1.727286,0.03312561,0.1901894,0.026776779458658324,0.007842512322691406,True,0.1,0.85,10.0,10000.0,0.938,0.139
hermes.p.no-vmsub.zxpt.pi-.124,1 - 1 - 2021,52.657444,1.3493231636639162,1.0,4.47213595499958,0.09573812,0.075,0.12,0.2295074,0.2,0.25,0.6952305,0.6,0.8,0.6776689,0.0228592,0.05208244,0.010505377037324208,0.005881884242018551,True,0.1,0.85,10.0,10000.0,0.938,0.139
hermes.p.no-vmsub.zxpt.pi-.125,1 - 1 - 2021,52.657444,1.3493231636639162,1.0,4.47213595499958,0.09573812,0.075,0.12,0.2419427,0.2,0.25,0.9774463,0.8,1.2,0.1304275,0.01303643,0.01038831,0.0020219166963920034,0.002940942121009277,True,0.1,0.85,10.0,10000.0,0.938,0.139
hermes.p.no-vmsub.zxpt.pi-.126,1 - 1 - 2021,52.657444,1.3493231636639162,1.0,4.47213595499958,0.09573812,0.075,0.12,0.2738507,0.25,0.3,0.0999991,0.0,0.15,0.9597221,0.02030172,0.09150198,0.014877829735955962,0.007842512322691404,True,0.1,0.85,10.0,10000.0,0.938,0.139
hermes.p.no-vmsub.zxpt.pi-.127,1 - 1 - 2021,52.657444,1.3493231636639162,1.0,4.47213595499958,0.09573812,0.075,0.12,0.2744522,0.25,0.3,0.2040116,0.15,0.25,1.91301,0.0394282,0.09708202,0.029655915043720588,0.011763768484037106,True,0.1,0.85,10.0,10000.0,0.938,0.139
hermes.p.no-vmsub.zxpt.pi-.128,1 - 1 - 2021,52.657444,1.3493231636639162,1.0,4.47213595499958,0.09573812,0.075,0.12,0.2749706,0.25,0.3,0.3017352,0.25,0.35,2.262678,0.04876212,0.07327433,0.035076547712398584,0.011763768484037108,True,0.1,0.85,10.0,10000.0,0.938,0.139
hermes.p.no-vmsub.zxpt.pi-.129,1 - 1 - 2021,52.657444,1.3493231636639162,1.0,4.47213595499958,0.09573812,0.075,0.12,0.2753837,0.25,0.3,0.400564,0.35,0.45,2.145207,0.04779798,0.5155544,0.03325548561857738,0.011763768484037101,True,0.1,0.85,10.0,10000.0,0.938,0.139
hermes.p.no-vmsub.zxpt.pi-.130,1 - 1 - 2021,52.657444,1.3493231636639162,1.0,4.47213595499958,0.09573812,0.075,0.12,0.2767121,0.25,0.3,0.5227738,0.45,0.6,1.342367,0.02807195,0.222153,0.02080967779023323,0.007842512322691406,True,0.1,0.85,10.0,10000.0,0.938,0.139
hermes.p.no-vmsub.zxpt.pi-.131,1 - 1 - 2021,52.657444,1.3493231636639162,1.0,4.47213595499958,0.09573812,0.075,0.12,0.2771085,0.25,0.3,0.6907729,0.6,0.8,0.6210502,0.01739709,0.07939292,0.009627661104273202,0.005881884242018551,True,0.1,0.85,10.0,10000.0,0.938,0.139
hermes.p.no-vmsub.zxpt.pi-.132,1 - 1 - 2021,52.657444,1.3493231636639162,1.0,4.47213595499958,0.09573812,0.075,0.12,0.2817015,0.25,0.3,0.9393367,0.8,1.2,0.09375075,0.006731027,0.01223818,0.0014533453966707375,0.002940942121009277,True,0.1,0.85,10.0,10000.0,0.938,0.139
hermes.p.no-vmsub.zxpt.pi-.133,1 - 1 - 2021,52.657444,1.3493231636639162,1.0,4.47213595499958,0.09573812,0.075,0.12,0.3338796,0.3,0.375,0.1013336,0.0,0.15,0.5869803,0.01203645,0.04360225,0.00909950178469408,0.005228341548460934,True,0.1,0.85,10.0,10000.0,0.938,0.139
hermes.p.no-vmsub.zxpt.pi-.134,1 - 1 - 2021,52.657444,1.3493231636639162,1.0,4.47213595499958,0.09573812,0.075,0.12,0.3346013,0.3,0.375,0.202768,0.15,0.25,1.24628,0.02288407,0.05483449,0.01932011531601408,0.0078425123226914,True,0.1,0.85,10.0,10000.0,0.938,0.139
hermes.p.no-vmsub.zxpt.pi-.135,1 - 1 - 2021,52.657444,1.3493231636639162,1.0,4.47213595499958,0.09573812,0.075,0.12,0.3354633,0.3,0.375,0.3014741,0.25,0.35,1.492224,0.02843955,0.03993966,0.023132795003790313,0.007842512322691403,True,0.1,0.85,10.0,10000.0,0.938,0.139
hermes.p.no-vmsub.zxpt.pi-.136,1 - 1 - 2021,52.657444,1.3493231636639162,1.0,4.47213595499958,0.09573812,0.075,0.12,0.3361361,0.3,0.375,0.3999726,0.35,0.45,1.431168,0.03106737,0.3954844,0.022186291039404657,0.007842512322691397,True,0.1,0.85,10.0,10000.0,0.938,0.139
hermes.p.no-vmsub.zxpt.pi-.137,1 - 1 - 2021,52.657444,1.3493231636639162,1.0,4.47213595499958,0.09573812,0.075,0.12,0.337499,0.3,0.375,0.5220339,0.45,0.6,1.037479,0.01988439,0.2076488,0.01608323484124191,0.005228341548460934,True,0.1,0.85,10.0,10000.0,0.938,0.139
hermes.p.no-vmsub.zxpt.pi-.138,1 - 1 - 2021,52.657444,1.3493231636639162,1.0,4.47213595499958,0.09573812,0.075,0.12,0.339237,0.3,0.375,0.6903715,0.6,0.8,0.4646855,0.01078417,0.0754576,0.0072036600488491025,0.003921256161345699,True,0.1,0.85,10.0,10000.0,0.938,0.139
hermes.p.no-vmsub.zxpt.pi-.139,1 - 1 - 2021,52.657444,1.3493231636639162,1.0,4.47213595499958,0.09573812,0.075,0.12,0.3464755,0.3,0.375,0.9478565,0.8,1.2,0.08511399,0.003732151,0.01385858,0.0013194563836425755,0.0019606280806728506,True,0.1,0.85,10.0,10000.0,0.938,0.139
hermes.p.no-vmsub.zxpt.pi-.140,1 - 1 - 2021,52.657444,1.3493231636639162,1.0,4.47213595499958,0.09573812,0.075,0.12,0.4203954,0.375,0.475,0.09992146,0.0,0.15,0.3165428,0.007634922,0.03302894,0.004907118302832415,0.003921256161345702,True,0.1,0.85,10.0,10000.0,0.938,0.139
hermes.p.no-vmsub.zxpt.pi-.141,1 - 1 - 2021,52.657444,1.3493231636639162,1.0,4.47213595499958,0.09573812,0.075,0.12,0.4192583,0.375,0.475,0.2035124,0.15,0.25,0.7095404,0.01407482,0.02257926,0.010999456261330323,0.005881884242018553,True,0.1,0.85,10.0,10000.0,0.938,0.139
hermes.p.no-vmsub.zxpt.pi-.142,1 - 1 - 2021,52.657444,1.3493231636639162,1.0,4.47213595499958,0.09573812,0.075,0.12,0.4211666,0.375,0.475,0.3002826,0.25,0.35,0.8158224,0.017142,0.01394322,0.012647063938591137,0.005881884242018554,True,0.1,0.85,10.0,10000.0,0.938,0.139
hermes.p.no-vmsub.zxpt.pi-.143,1 - 1 - 2021,52.657444,1.3493231636639162,1.0,4.47213595499958,0.09573812,0.075,0.12,0.4209714,0.375,0.475,0.4011082,0.35,0.45,0.7864106,0.01873826,0.2090669,0.012191115542041771,0.005881884242018551,True,0.1,0.85,10.0,10000.0,0.938,0.139
hermes.p.no-vmsub.zxpt.pi-.144,1 - 1 - 2021,52.657444,1.3493231636639162,1.0,4.47213595499958,0.09573812,0.075,0.12,0.4224085,0.375,0.475,0.5215942,0.45,0.6,0.6490917,0.01421246,0.1236727,0.010062366799328896,0.003921256161345703,True,0.1,0.85,10.0,10000.0,0.938,0.139
hermes.p.no-vmsub.zxpt.pi-.145,1 - 1 - 2021,52.657444,1.3493231636639162,1.0,4.47213595499958,0.09573812,0.075,0.12,0.4254597,0.375,0.475,0.6900669,0.6,0.8,0.3562721,0.008450359,0.05314217,0.005523010925216242,0.0029409421210092753,True,0.1,0.85,10.0,10000.0,0.938,0.139
hermes.p.no-vmsub.zxpt.pi-.146,1 - 1 - 2021,52.657444,1.3493231636639162,1.0,4.47213595499958,0.09573812,0.075,0.12,0.4244558,0.375,0.475,0.9264976,0.8,1.2,0.07521258,0.002549653,0.01122991,0.0011659624793906138,0.0014704710605046385,True,0.1,0.85,10.0,10000.0,0.938,0.139
hermes.p.no-vmsub.zxpt.pi-.147,1 - 1 - 2021,52.657444,1.3493231636639162,1.0,4.47213595499958,0.09573812,0.075,0.12,0.5337507,0.475,0.6,0.101374,0.0,0.15,0.1712383,0.005084802,0.006488246,0.0026545749771465592,0.003137004929076561,True,0.1,0.85,10.0,10000.0,0.938,0.139
hermes.p.no-vmsub.zxpt.pi-.148,1 - 1 - 2021,52.657444,1.3493231636639162,1.0,4.47213595499958,0.09573812,0.075,0.12,0.530608,0.475,0.6,0.2027557,0.15,0.25,0.3221405,0.008796356,0.01597356,0.0049938951182386246,0.004705507393614841,True,0.1,0.85,10.0,10000.0,0.938,0.139
hermes.p.no-vmsub.zxpt.pi-.149,1 - 1 - 2021,52.657444,1.3493231636639162,1.0,4.47213595499958,0.09573812,0.075,0.12,0.5324026,0.475,0.6,0.3005564,0.25,0.35,0.4228463,0.0108342,0.1019376,0.006555059277971149,0.0047055073936148415,True,0.1,0.85,10.0,10000.0,0.938,0.139
hermes.p.no-vmsub.zxpt.pi-.150,1 - 1 - 2021,52.657444,1.3493231636639162,1.0,4.47213595499958,0.09573812,0.075,0.12,0.5323928,0.475,0.6,0.4006197,0.35,0.45,0.4342223,0.01232513,0.06772456,0.006731412610958099,0.004705507393614839,True,0.1,0.85,10.0,10000.0,0.938,0.139
hermes.p.no-vmsub.zxpt.pi-.151,1 - 1 - 2021,52.657444,1.3493231636639162,1.0,4.47213595499958,0.09573812,0.075,0.12,0.5346427,0.475,0.6,0.5222905,0.45,0.6,0.3784547,0.00965526,0.02984498,0.005866890623204667,0.003137004929076561,True,0.1,0.85,10.0,10000.0,0.938,0.139
hermes.p.no-vmsub.zxpt.pi-.152,1 - 1 - 2021,52.657444,1.3493231636639162,1.0,4.47213595499958,0.09573812,0.075,0.12,0.5351212,0.475,0.6,0.6906091,0.6,0.8,0.2227077,0.006542259,0.007304851,0.0034524652933243484,0.0023527536968074195,True,0.1,0.85,10.0,10000.0,0.938,0.139
hermes.p.no-vmsub.zxpt.pi-.153,1 - 1 - 2021,52.657444,1.3493231636639162,1.0,4.47213595499958,0.09573812,0.075,0.12,0.5362819,0.475,0.6,0.9367222,0.8,1.2,0.05172167,0.001920089,0.001719651,0.0008018010629528082,0.0011763768484037104,True,0.1,0.85,10.0,10000.0,0.938,0.139
hermes.p.no-vmsub.zxpt.pi-.154,1 - 1 - 2021,52.657444,1.3493231636639162,1.0,4.47213595499958,0.09573812,0.075,0.12,0.6939297,0.6,0.8,0.1011101,0.0,0.15,0.06455562,0.002987084,0.007927453,0.0010007558676194631,0.0019606280806728498,True,0.1,0.85,10.0,10000.0,0.938,0.139
hermes.p.no-vmsub.zxpt.pi-.155,1 - 1 - 2021,52.657444,1.3493231636639162,1.0,4.47213595499958,0.09573812,0.075,0.12,0.6943033,0.6,0.8,0.2035382,0.15,0.25,0.1821007,0.00558857,0.007100801,0.002822966366407938,0.002940942121009275,True,0.1,0.85,10.0,10000.0,0.938,0.139
hermes.p.no-vmsub.zxpt.pi-.156,1 - 1 - 2021,52.657444,1.3493231636639162,1.0,4.47213595499958,0.09573812,0.075,0.12,0.6932585,0.6,0.8,0.3005247,0.25,0.35,0.2126463,0.006556651,0.03102608,0.003296491187793854,0.0029409421210092753,True,0.1,0.85,10.0,10000.0,0.938,0.139
hermes.p.no-vmsub.zxpt.pi-.157,1 - 1 - 2021,52.657444,1.3493231636639162,1.0,4.47213595499958,0.09573812,0.075,0.12,0.6892894,0.6,0.8,0.3986339,0.35,0.45,0.2264915,0.006658747,0.05144239,0.0035111226193929156,0.0029409421210092736,True,0.1,0.85,10.0,10000.0,0.938,0.139
hermes.p.no-vmsub.zxpt.pi-.158,1 - 1 - 2021,52.657444,1.3493231636639162,1.0,4.47213595499958,0.09573812,0.075,0.12,0.6855036,0.6,0.8,0.5219962,0.45,0.6,0.1864862,0.005190701,0.01249737,0.0028909513823902047,0.00196062808067285,True,0.1,0.85,10.0,10000.0,0.938,0.139
hermes.p.no-vmsub.zxpt.pi-.159,1 - 1 - 2021,52.657444,1.3493231636639162,1.0,4.47213595499958,0.09573812,0.075,0.12,0.6854989,0.6,0.8,0.6881606,0.6,0.8,0.1162262,0.003618462,0.005490503,0.0018017649218009721,0.0014704710605046368,True,0.1,0.85,10.0,10000.0,0.938,0.139
hermes.p.no-vmsub.zxpt.pi-.160,1 - 1 - 2021,52.657444,1.3493231636639162,1.0,4.47213595499958,0.09573812,0.075,0.12,0.6864712,0.6,0.8,0.9339931,0.8,1.2,0.03369135,0.00130514,0.001558293,0.0005222909515936956,0.0007352355302523188,True,0.1,0.85,10.0,10000.0,0.938,0.139
hermes.p.no-vmsub.zxpt.pi-.161,1 - 1 - 2021,52.657444,1.3493231636639162,1.0,4.47213595499958,0.09573812,0.075,0.12,0.8886837,0.8,1.1,0.09878441,0.0,0.15,0.05652355,0.001800616,0.006943446,0.0008762408961633722,0.0013070853871152335,True,0.1,0.85,10.0,10000.0,0.938,0.139
hermes.p.no-vmsub.zxpt.pi-.162,1 - 1 - 2021,52.657444,1.3493231636639162,1.0,4.47213595499958,0.09573812,0.075,0.12,0.8890815,0.8,1.1,0.2027826,0.15,0.25,0.109628,0.003617437,0.004498139,0.0016994781284013155,0.00196062808067285,True,0.1,0.85,10.0,10000.0,0.938,0.139
hermes.p.no-vmsub.zxpt.pi-.163,1 - 1 - 2021,52.657444,1.3493231636639162,1.0,4.47213595499958,0.09573812,0.075,0.12,0.8801299,0.8,1.1,0.2974968,0.25,0.35,0.1010868,0.003709312,0.01492278,0.001567070508173807,0.0019606280806728506,True,0.1,0.85,10.0,10000.0,0.938,0.139
hermes.p.no-vmsub.zxpt.pi-.164,1 - 1 - 2021,52.657444,1.3493231636639162,1.0,4.47213595499958,0.09573812,0.075,0.12,0.8718207,0.8,1.1,0.3968978,0.35,0.45,0.07532891,0.003321442,0.01711711,0.0011677658534435648,0.0019606280806728493,True,0.1,0.85,10.0,10000.0,0.938,0.139
hermes.p.no-vmsub.zxpt.pi-.165,1 - 1 - 2021,52.657444,1.3493231636639162,1.0,4.47213595499958,0.09573812,0.075,0.12,0.8663398,0.8,1.1,0.5187524,0.45,0.6,0.05107246,0.002042402,0.003514859,0.0007917368622400395,0.0013070853871152335,True,0.1,0.85,10.0,10000.0,0.938,0.139
hermes.p.no-vmsub.zxpt.pi-.166,1 - 1 - 2021,52.657444,1.3493231636639162,1.0,4.47213595499958,0.09573812,0.075,0.12,0.8636517,0.8,1.1,0.6825708,0.6,0.8,0.02126139,0.001269751,0.0009349241,0.0003295988915642942,0.0009803140403364247,True,0.1,0.85,10.0,10000.0,0.938,0.139
hermes.p.no-vmsub.zxpt.pi-.167,1 - 1 - 2021,52.657444,1.3493231636639162,1.0,4.47213595499958,0.09573812,0.075,0.12,0.8507021,0.8,1.1,0.9454211,0.8,1.2,0.00481016,0.0004630074,0.0002145238,7.456819164913044e-05,0.0004901570201682127,True,0.1,0.85,10.0,10000.0,0.938,0.139
hermes.p.no-vmsub.zxpt.pi-.168,1 - 1 - 2021,52.657444,1.6957122397388067,1.0,4.47213595499958,0.1522067,0.12,0.2,0.1405542,0.1,0.2,0.1023568,0.0,0.15,3.004653,0.0506153,0.3118128,0.032110798503810926,0.004600897495496089,True,0.1,0.85,10.0,10000.0,0.938,0.139
hermes.p.no-vmsub.zxpt.pi-.169,1 - 1 - 2021,52.657444,1.6957122397388067,1.0,4.47213595499958,0.1522067,0.12,0.2,0.1415395,0.1,0.2,0.2031415,0.15,0.25,5.820301,0.09594243,1.613217,0.062201696050269116,0.006901346243244132,True,0.1,0.85,10.0,10000.0,0.938,0.139
hermes.p.no-vmsub.zxpt.pi-.170,1 - 1 - 2021,52.657444,1.6957122397388067,1.0,4.47213595499958,0.1522067,0.12,0.2,0.1431651,0.1,0.2,0.3002996,0.25,0.35,6.111533,0.103669,0.9916752,0.06531409940262356,0.006901346243244133,True,0.1,0.85,10.0,10000.0,0.938,0.139
hermes.p.no-vmsub.zxpt.pi-.171,1 - 1 - 2021,52.657444,1.6957122397388067,1.0,4.47213595499958,0.1522067,0.12,0.2,0.1447781,0.1,0.2,0.3994459,0.35,0.45,4.706528,0.09134924,0.3657378,0.050298777349845135,0.00690134624324413,True,0.1,0.85,10.0,10000.0,0.938,0.139
hermes.p.no-vmsub.zxpt.pi-.172,1 - 1 - 2021,52.657444,1.6957122397388067,1.0,4.47213595499958,0.1522067,0.12,0.2,0.1431139,0.1,0.2,0.5192516,0.45,0.6,2.790949,0.07232645,0.175853,0.02982693874248128,0.004600897495496089,True,0.1,0.85,10.0,10000.0,0.938,0.139
hermes.p.no-vmsub.zxpt.pi-.173,1 - 1 - 2021,52.657444,1.6957122397388067,1.0,4.47213595499958,0.1522067,0.12,0.2,0.1485154,0.1,0.2,0.6830829,0.6,0.8,0.885524,0.06592221,0.0896898,0.009463616176073799,0.003450673121622065,True,0.1,0.85,10.0,10000.0,0.938,0.139
hermes.p.no-vmsub.zxpt.pi-.174,1 - 1 - 2021,52.657444,1.6957122397388067,1.0,4.47213595499958,0.1522067,0.12,0.2,0.1599715,0.1,0.2,0.8906782,0.8,1.2,0.1223204,0.04506435,0.01224,0.0013072410415796946,0.0017253365608110333,True,0.1,0.85,10.0,10000.0,0.938,0.139
hermes.p.no-vmsub.zxpt.pi-.175,1 - 1 - 2021,52.657444,1.6957122397388067,1.0,4.47213595499958,0.1522067,0.12,0.2,0.223406,0.2,0.25,0.1019542,0.0,0.15,1.328142,0.02997404,0.185257,0.014193885332665187,0.00920179499099218,True,0.1,0.85,10.0,10000.0,0.938,0.139
hermes.p.no-vmsub.zxpt.pi-.176,1 - 1 - 2021,52.657444,1.6957122397388067,1.0,4.47213595499958,0.1522067,0.12,0.2,0.2229413,0.2,0.25,0.202597,0.15,0.25,2.791772,0.06104407,0.1997218,0.02983573416317333,0.013802692486488268,True,0.1,0.85,10.0,10000.0,0.938,0.139
hermes.p.no-vmsub.zxpt.pi-.177,1 - 1 - 2021,52.657444,1.6957122397388067,1.0,4.47213595499958,0.1522067,0.12,0.2,0.2240738,0.2,0.25,0.3001728,0.25,0.35,3.41722,0.07908772,0.2090198,0.03651991190436725,0.013802692486488272,True,0.1,0.85,10.0,10000.0,0.938,0.139
hermes.p.no-vmsub.zxpt.pi-.178,1 - 1 - 2021,52.657444,1.6957122397388067,1.0,4.47213595499958,0.1522067,0.12,0.2,0.2242283,0.2,0.25,0.3993799,0.35,0.45,2.660207,0.07181132,0.5722942,0.028429695860196624,0.013802692486488263,True,0.1,0.85,10.0,10000.0,0.938,0.139
hermes.p.no-vmsub.zxpt.pi-.179,1 - 1 - 2021,52.657444,1.6957122397388067,1.0,4.47213595499958,0.1522067,0.12,0.2,0.2248536,0.2,0.25,0.5170209,0.45,0.6,1.78837,0.04451999,0.2534224,0.019112352980613853,0.009201794990992182,True,0.1,0.85,10.0,10000.0,0.938,0.139
hermes.p.no-vmsub.zxpt.pi-.180,1 - 1 - 2021,52.657444,1.6957122397388067,1.0,4.47213595499958,0.1522067,0.12,0.2,0.2246269,0.2,0.25,0.6881749,0.6,0.8,0.6794659,0.02962879,0.06963539,0.007261468330988818,0.0069013462432441315,True,0.1,0.85,10.0,10000.0,0.938,0.139
hermes.p.no-vmsub.zxpt.pi-.181,1 - 1 - 2021,52.657444,1.6957122397388067,1.0,4.47213595499958,0.1522067,0.12,0.2,0.2284008,0.2,0.25,0.9225623,0.8,1.2,0.1125465,0.01603637,0.01149999,0.0012027871384180325,0.003450673121622068,True,0.1,0.85,10.0,10000.0,0.938,0.139
hermes.p.no-vmsub.zxpt.pi-.182,1 - 1 - 2021,52.657444,1.6957122397388067,1.0,4.47213595499958,0.1522067,0.12,0.2,0.2730494,0.25,0.3,0.1002563,0.0,0.15,0.9436225,0.02309716,0.09780134,0.010084516235705863,0.00920179499099218,True,0.1,0.85,10.0,10000.0,0.938,0.139
hermes.p.no-vmsub.zxpt.pi-.183,1 - 1 - 2021,52.657444,1.6957122397388067,1.0,4.47213595499958,0.1522067,0.12,0.2,0.2739747,0.25,0.3,0.2036438,0.15,0.25,1.97237,0.04571513,0.1316835,0.02107876538321116,0.013802692486488268,True,0.1,0.85,10.0,10000.0,0.938,0.139
hermes.p.no-vmsub.zxpt.pi-.184,1 - 1 - 2021,52.657444,1.6957122397388067,1.0,4.47213595499958,0.1522067,0.12,0.2,0.2739866,0.25,0.3,0.3007641,0.25,0.35,2.202713,0.05871544,0.1158588,0.023540446535664814,0.013802692486488272,True,0.1,0.85,10.0,10000.0,0.938,0.139
hermes.p.no-vmsub.zxpt.pi-.185,1 - 1 - 2021,52.657444,1.6957122397388067,1.0,4.47213595499958,0.1522067,0.12,0.2,0.2726775,0.25,0.3,0.3997213,0.35,0.45,2.050653,0.06200255,0.5553618,0.021915377677300972,0.013802692486488263,True,0.1,0.85,10.0,10000.0,0.938,0.139
hermes.p.no-vmsub.zxpt.pi-.186,1 - 1 - 2021,52.657444,1.6957122397388067,1.0,4.47213595499958,0.1522067,0.12,0.2,0.2743134,0.25,0.3,0.5191526,0.45,0.6,1.31368,0.03692492,0.260651,0.01403932959263061,0.009201794990992182,True,0.1,0.85,10.0,10000.0,0.938,0.139
hermes.p.no-vmsub.zxpt.pi-.187,1 - 1 - 2021,52.657444,1.6957122397388067,1.0,4.47213595499958,0.1522067,0.12,0.2,0.2766406,0.25,0.3,0.6870878,0.6,0.8,0.5471778,0.02122005,0.08728441,0.005847702241010379,0.0069013462432441315,True,0.1,0.85,10.0,10000.0,0.938,0.139
hermes.p.no-vmsub.zxpt.pi-.188,1 - 1 - 2021,52.657444,1.6957122397388067,1.0,4.47213595499958,0.1522067,0.12,0.2,0.2791516,0.25,0.3,0.9363861,0.8,1.2,0.108403,0.009151196,0.0174531,0.001158505454775848,0.003450673121622068,True,0.1,0.85,10.0,10000.0,0.938,0.139
hermes.p.no-vmsub.zxpt.pi-.189,1 - 1 - 2021,52.657444,1.6957122397388067,1.0,4.47213595499958,0.1522067,0.12,0.2,0.3333782,0.3,0.375,0.1022355,0.0,0.15,0.5475001,0.01338879,0.04392279,0.005851146668822102,0.006134529993994785,True,0.1,0.85,10.0,10000.0,0.938,0.139
hermes.p.no-vmsub.zxpt.pi-.190,1 - 1 - 2021,52.657444,1.6957122397388067,1.0,4.47213595499958,0.1522067,0.12,0.2,0.3339023,0.3,0.375,0.2033128,0.15,0.25,1.15948,0.0251472,0.06958478,0.01239139050306265,0.009201794990992175,True,0.1,0.85,10.0,10000.0,0.938,0.139
hermes.p.no-vmsub.zxpt.pi-.191,1 - 1 - 2021,52.657444,1.6957122397388067,1.0,4.47213595499958,0.1522067,0.12,0.2,0.3342428,0.3,0.375,0.3005608,0.25,0.35,1.415074,0.03205146,0.06353224,0.015122929696700997,0.009201794990992178,True,0.1,0.85,10.0,10000.0,0.938,0.139
hermes.p.no-vmsub.zxpt.pi-.192,1 - 1 - 2021,52.657444,1.6957122397388067,1.0,4.47213595499958,0.1522067,0.12,0.2,0.3348335,0.3,0.375,0.3999545,0.35,0.45,1.388173,0.03752364,0.05101957,0.014835438066036488,0.009201794990992171,True,0.1,0.85,10.0,10000.0,0.938,0.139
hermes.p.no-vmsub.zxpt.pi-.193,1 - 1 - 2021,52.657444,1.6957122397388067,1.0,4.47213595499958,0.1522067,0.12,0.2,0.3354355,0.3,0.375,0.5195308,0.45,0.6,0.9772851,0.02511822,0.2277325,0.010444269247356254,0.006134529993994785,True,0.1,0.85,10.0,10000.0,0.938,0.139
hermes.p.no-vmsub.zxpt.pi-.194,1 - 1 - 2021,52.657444,1.6957122397388067,1.0,4.47213595499958,0.1522067,0.12,0.2,0.3360694,0.3,0.375,0.6830707,0.6,0.8,0.4622932,0.01385494,0.08987203,0.0049405384897630335,0.004600897495496086,True,0.1,0.85,10.0,10000.0,0.938,0.139
hermes.p.no-vmsub.zxpt.pi-.195,1 - 1 - 2021,52.657444,1.6957122397388067,1.0,4.47213595499958,0.1522067,0.12,0.2,0.3368907,0.3,0.375,0.9204131,0.8,1.2,0.0836002,0.004678492,0.01621046,0.0008934373377153017,0.0023004487477480445,True,0.1,0.85,10.0,10000.0,0.938,0.139
hermes.p.no-vmsub.zxpt.pi-.196,1 - 1 - 2021,52.657444,1.6957122397388067,1.0,4.47213595499958,0.1522067,0.12,0.2,0.4208335,0.375,0.475,0.1014536,0.0,0.15,0.2934141,0.008719503,0.03188793,0.003135723507265907,0.00460089749549609,True,0.1,0.85,10.0,10000.0,0.938,0.139
hermes.p.no-vmsub.zxpt.pi-.197,1 - 1 - 2021,52.657444,1.6957122397388067,1.0,4.47213595499958,0.1522067,0.12,0.2,0.4193001,0.375,0.475,0.2024962,0.15,0.25,0.6337148,0.0157946,0.03174255,0.006772525230594961,0.006901346243244134,True,0.1,0.85,10.0,10000.0,0.938,0.139
hermes.p.no-vmsub.zxpt.pi-.198,1 - 1 - 2021,52.657444,1.6957122397388067,1.0,4.47213595499958,0.1522067,0.12,0.2,0.419421,0.375,0.475,0.3005311,0.25,0.35,0.7787339,0.01919905,0.02889488,0.008322347822190067,0.006901346243244136,True,0.1,0.85,10.0,10000.0,0.938,0.139
hermes.p.no-vmsub.zxpt.pi-.199,1 - 1 - 2021,52.657444,1.6957122397388067,1.0,4.47213595499958,0.1522067,0.12,0.2,0.4202277,0.375,0.475,0.4000032,0.35,0.45,0.752465,0.02157704,0.0208539,0.008041611459349913,0.0069013462432441315,True,0.1,0.85,10.0,10000.0,0.938,0.139
hermes.p.no-vmsub.zxpt.pi-.200,1 - 1 - 2021,52.657444,1.6957122397388067,1.0,4.47213595499958,0.1522067,0.12,0.2,0.4221247,0.375,0.475,0.520413,0.45,0.6,0.6146923,0.01709954,0.1369352,0.006569231317940573,0.004600897495496091,True,0.1,0.85,10.0,10000.0,0.938,0.139
hermes.p.no-vmsub.zxpt.pi-.201,1 - 1 - 2021,52.657444,1.6957122397388067,1.0,4.47213595499958,0.1522067,0.12,0.2,0.4218379,0.375,0.475,0.6900843,0.6,0.8,0.3109695,0.01015092,0.05732995,0.0033233384871167596,0.0034506731216220657,True,0.1,0.85,10.0,10000.0,0.938,0.139
hermes.p.no-vmsub.zxpt.pi-.202,1 - 1 - 2021,52.657444,1.6957122397388067,1.0,4.47213595499958,0.1522067,0.12,0.2,0.4223732,0.375,0.475,0.9161972,0.8,1.2,0.06157902,0.002957503,0.01133131,0.0006580964601510202,0.001725336560811034,True,0.1,0.85,10.0,10000.0,0.938,0.139
hermes.p.no-vmsub.zxpt.pi-.203,1 - 1 - 2021,52.657444,1.6957122397388067,1.0,4.47213595499958,0.1522067,0.12,0.2,0.5327683,0.475,0.6,0.1011131,0.0,0.15,0.1366263,0.005563356,0.007915125,0.0014601285371792427,0.003680717996396871,True,0.1,0.85,10.0,10000.0,0.938,0.139
hermes.p.no-vmsub.zxpt.pi-.204,1 - 1 - 2021,52.657444,1.6957122397388067,1.0,4.47213595499958,0.1522067,0.12,0.2,0.5301063,0.475,0.6,0.2028044,0.15,0.25,0.3073271,0.01054348,0.02180899,0.0032844120711644745,0.005521076994595306,True,0.1,0.85,10.0,10000.0,0.938,0.139
hermes.p.no-vmsub.zxpt.pi-.205,1 - 1 - 2021,52.657444,1.6957122397388067,1.0,4.47213595499958,0.1522067,0.12,0.2,0.5307025,0.475,0.6,0.3014004,0.25,0.35,0.3976879,0.01233633,0.109301,0.004250100102841729,0.005521076994595307,True,0.1,0.85,10.0,10000.0,0.938,0.139
hermes.p.no-vmsub.zxpt.pi-.206,1 - 1 - 2021,52.657444,1.6957122397388067,1.0,4.47213595499958,0.1522067,0.12,0.2,0.5309645,0.475,0.6,0.4000667,0.35,0.45,0.379205,0.01346379,0.06932237,0.004052572908298437,0.005521076994595304,True,0.1,0.85,10.0,10000.0,0.938,0.139
hermes.p.no-vmsub.zxpt.pi-.207,1 - 1 - 2021,52.657444,1.6957122397388067,1.0,4.47213595499958,0.1522067,0.12,0.2,0.5325807,0.475,0.6,0.5195134,0.45,0.6,0.3458552,0.01078633,0.03638662,0.0036961627977324597,0.0036807179963968713,True,0.1,0.85,10.0,10000.0,0.938,0.139
hermes.p.no-vmsub.zxpt.pi-.208,1 - 1 - 2021,52.657444,1.6957122397388067,1.0,4.47213595499958,0.1522067,0.12,0.2,0.5325431,0.475,0.6,0.6891796,0.6,0.8,0.1912785,0.00776344,0.01278338,0.0020441979062511373,0.002760538497297652,True,0.1,0.85,10.0,10000.0,0.938,0.139
hermes.p.no-vmsub.zxpt.pi-.209,1 - 1 - 2021,52.657444,1.6957122397388067,1.0,4.47213595499958,0.1522067,0.12,0.2,0.533569,0.475,0.6,0.9325327,0.8,1.2,0.05486087,0.0025976,0.003844838,0.000586299430354775,0.0013802692486488267,True,0.1,0.85,10.0,10000.0,0.938,0.139
hermes.p.no-vmsub.zxpt.pi-.210,1 - 1 - 2021,52.657444,1.6957122397388067,1.0,4.47213595499958,0.1522067,0.12,0.2,0.6914728,0.6,0.8,0.09866665,0.0,0.15,0.06972274,0.003540122,0.01167678,0.0007451285906471058,0.0023004487477480432,True,0.1,0.85,10.0,10000.0,0.938,0.139
hermes.p.no-vmsub.zxpt.pi-.211,1 - 1 - 2021,52.657444,1.6957122397388067,1.0,4.47213595499958,0.1522067,0.12,0.2,0.6895155,0.6,0.8,0.2020735,0.15,0.25,0.1494577,0.006607028,0.003985219,0.0015972580159981944,0.0034506731216220653,True,0.1,0.85,10.0,10000.0,0.938,0.139
hermes.p.no-vmsub.zxpt.pi-.212,1 - 1 - 2021,52.657444,1.6957122397388067,1.0,4.47213595499958,0.1522067,0.12,0.2,0.6878281,0.6,0.8,0.2997781,0.25,0.35,0.1654412,0.007433755,0.01653137,0.001768074062937945,0.0034506731216220657,True,0.1,0.85,10.0,10000.0,0.938,0.139
hermes.p.no-vmsub.zxpt.pi-.213,1 - 1 - 2021,52.657444,1.6957122397388067,1.0,4.47213595499958,0.1522067,0.12,0.2,0.687479,0.6,0.8,0.3998332,0.35,0.45,0.1944934,0.007814037,0.0364743,0.002078555619474562,0.003450673121622064,True,0.1,0.85,10.0,10000.0,0.938,0.139
hermes.p.no-vmsub.zxpt.pi-.214,1 - 1 - 2021,52.657444,1.6957122397388067,1.0,4.47213595499958,0.1522067,0.12,0.2,0.6847485,0.6,0.8,0.5209925,0.45,0.6,0.1446292,0.005163317,0.03650329,0.0015456557209659058,0.0023004487477480437,True,0.1,0.85,10.0,10000.0,0.938,0.139
hermes.p.no-vmsub.zxpt.pi-.215,1 - 1 - 2021,52.657444,1.6957122397388067,1.0,4.47213595499958,0.1522067,0.12,0.2,0.6827928,0.6,0.8,0.6924996,0.6,0.8,0.09872125,0.004017052,0.004477455,0.0010550363608690736,0.001725336560811032,True,0.1,0.85,10.0,10000.0,0.938,0.139
hermes.p.no-vmsub.zxpt.pi-.216,1 - 1 - 2021,52.657444,1.6957122397388067,1.0,4.47213595499958,0.1522067,0.12,0.2,0.6906615,0.6,0.8,0.9429665,0.8,1.2,0.02955624,0.001654809,0.001296827,0.00031586824407686236,0.0008626682804055164,True,0.1,0.85,10.0,10000.0,0.938,0.139
hermes.p.no-vmsub.zxpt.pi-.217,1 - 1 - 2021,52.657444,1.6957122397388067,1.0,4.47213595499958,0.1522067,0.12,0.2,0.8890402,0.8,1.1,0.09717925,0.0,0.15,0.03719684,0.001925015,0.006164147,0.0003975235190947156,0.0015336324984986961,True,0.1,0.85,10.0,10000.0,0.938,0.139
hermes.p.no-vmsub.zxpt.pi-.218,1 - 1 - 2021,52.657444,1.6957122397388067,1.0,4.47213595499958,0.1522067,0.12,0.2,0.8852618,0.8,1.1,0.2003783,0.15,0.25,0.06183549,0.003913063,0.001682242,0.0006608373611776187,0.0023004487477480437,True,0.1,0.85,10.0,10000.0,0.938,0.139
hermes.p.no-vmsub.zxpt.pi-.219,1 - 1 - 2021,52.657444,1.6957122397388067,1.0,4.47213595499958,0.1522067,0.12,0.2,0.8810223,0.8,1.1,0.3000363,0.25,0.35,0.08075128,0.004240437,0.008009014,0.000862990861508739,0.0023004487477480445,True,0.1,0.85,10.0,10000.0,0.938,0.139
hermes.p.no-vmsub.zxpt.pi-.220,1 - 1 - 2021,52.657444,1.6957122397388067,1.0,4.47213595499958,0.1522067,0.12,0.2,0.8760263,0.8,1.1,0.3982409,0.35,0.45,0.05845003,0.003982465,0.01097473,0.000624656869153178,0.002300448747748043,True,0.1,0.85,10.0,10000.0,0.938,0.139
hermes.p.no-vmsub.zxpt.pi-.221,1 - 1 - 2021,52.657444,1.6957122397388067,1.0,4.47213595499958,0.1522067,0.12,0.2,0.8683354,0.8,1.1,0.5176723,0.45,0.6,0.03925762,0.002274979,0.00994146,0.0004195471242633269,0.0015336324984986961,True,0.1,0.85,10.0,10000.0,0.938,0.139
hermes.p.no-vmsub.zxpt.pi-.222,1 - 1 - 2021,52.657444,1.6957122397388067,1.0,4.47213595499958,0.1522067,0.12,0.2,0.8656348,0.8,1.1,0.6853843,0.6,0.8,0.0185561,0.001398177,0.0008993849,0.0001983094846947604,0.0011502243738740214,True,0.1,0.85,10.0,10000.0,0.938,0.139
hermes.p.no-vmsub.zxpt.pi-.223,1 - 1 - 2021,52.657444,1.6957122397388067,1.0,4.47213595499958,0.1522067,0.12,0.2,0.8526051,0.8,1.1,0.9216346,0.8,1.2,0.004727951,0.0005669996,0.0002219834,5.052772546343667e-05,0.0005751121869370111,True,0.1,0.85,10.0,10000.0,0.938,0.139
hermes.p.no-vmsub.zxpt.pi-.224,1 - 1 - 2021,52.657444,2.2893820126837725,1.0,4.47213595499958,0.2538812,0.2,0.35,0.1405356,0.1,0.2,0.1015175,0.0,0.15,2.785103,0.08167048,0.6238115,0.023975601805527477,0.009233073296206071,True,0.1,0.85,10.0,10000.0,0.938,0.139
hermes.p.no-vmsub.zxpt.pi-.225,1 - 1 - 2021,52.657444,2.2893820126837725,1.0,4.47213595499958,0.2538812,0.2,0.35,0.14061,0.1,0.2,0.202746,0.15,0.25,6.362661,0.1815242,0.5001487,0.05477306460822429,0.013849609944309105,True,0.1,0.85,10.0,10000.0,0.938,0.139
hermes.p.no-vmsub.zxpt.pi-.226,1 - 1 - 2021,52.657444,2.2893820126837725,1.0,4.47213595499958,0.2538812,0.2,0.35,0.1422484,0.1,0.2,0.299085,0.25,0.35,6.533114,0.211737,0.6485201,0.05624041186775385,0.013849609944309109,True,0.1,0.85,10.0,10000.0,0.938,0.139
hermes.p.no-vmsub.zxpt.pi-.227,1 - 1 - 2021,52.657444,2.2893820126837725,1.0,4.47213595499958,0.2538812,0.2,0.35,0.1442153,0.1,0.2,0.39759,0.35,0.45,4.887209,0.1815288,1.033477,0.042071613482298556,0.0138496099443091,True,0.1,0.85,10.0,10000.0,0.938,0.139
hermes.p.no-vmsub.zxpt.pi-.228,1 - 1 - 2021,52.657444,2.2893820126837725,1.0,4.47213595499958,0.2538812,0.2,0.35,0.1430536,0.1,0.2,0.5202623,0.45,0.6,2.949632,0.1279664,0.7544829,0.02539195222038166,0.009233073296206071,True,0.1,0.85,10.0,10000.0,0.938,0.139
hermes.p.no-vmsub.zxpt.pi-.229,1 - 1 - 2021,52.657444,2.2893820126837725,1.0,4.47213595499958,0.2538812,0.2,0.35,0.1446518,0.1,0.2,0.6684873,0.6,0.8,1.141684,0.119321,0.3417254,0.009828204189124005,0.00692480497215455,True,0.1,0.85,10.0,10000.0,0.938,0.139
hermes.p.no-vmsub.zxpt.pi-.230,1 - 1 - 2021,52.657444,2.289612412614851,1.0,4.47213595499958,0.2539186,0.2,0.35,0.1552297,0.1,0.2,0.8965923,0.8,1.2,0.1220441,0.07974217,0.03654091,0.001050618502911374,0.0034624024860772772,True,0.1,0.85,10.0,10000.0,0.938,0.139
hermes.p.no-vmsub.zxpt.pi-.231,1 - 1 - 2021,52.657444,2.2893820126837725,1.0,4.47213595499958,0.2538812,0.2,0.35,0.2235936,0.2,0.25,0.09978739,0.0,0.15,1.407399,0.04766305,0.1212834,0.01211561583377619,0.018466146592412146,True,0.1,0.85,10.0,10000.0,0.938,0.139
hermes.p.no-vmsub.zxpt.pi-.232,1 - 1 - 2021,52.657444,2.2893820126837725,1.0,4.47213595499958,0.2538812,0.2,0.35,0.2232653,0.2,0.25,0.2029138,0.15,0.25,2.95808,0.09452433,0.730682,0.025464676957690512,0.02769921988861822,True,0.1,0.85,10.0,10000.0,0.938,0.139
hermes.p.no-vmsub.zxpt.pi-.233,1 - 1 - 2021,52.657444,2.2893820126837725,1.0,4.47213595499958,0.2538812,0.2,0.35,0.2231566,0.2,0.25,0.2993159,0.25,0.35,3.151946,0.1257861,0.4259015,0.027133575386089893,0.027699219888618225,True,0.1,0.85,10.0,10000.0,0.938,0.139
hermes.p.no-vmsub.zxpt.pi-.234,1 - 1 - 2021,52.657444,2.2893820126837725,1.0,4.47213595499958,0.2538812,0.2,0.35,0.223952,0.2,0.25,0.3983097,0.35,0.45,2.715754,0.1289207,0.1003543,0.023378609877540785,0.027699219888618207,True,0.1,0.85,10.0,10000.0,0.938,0.139
hermes.p.no-vmsub.zxpt.pi-.235,1 - 1 - 2021,52.657444,2.2893820126837725,1.0,4.47213595499958,0.2538812,0.2,0.35,0.2235934,0.2,0.25,0.5184172,0.45,0.6,1.870279,0.0783285,0.1926403,0.016100325398823716,0.01846614659241215,True,0.1,0.85,10.0,10000.0,0.938,0.139
hermes.p.no-vmsub.zxpt.pi-.236,1 - 1 - 2021,52.657444,2.2893820126837725,1.0,4.47213595499958,0.2538812,0.2,0.35,0.224465,0.2,0.25,0.6833628,0.6,0.8,0.6863115,0.04721488,0.1033977,0.0059081230527396195,0.013849609944309104,True,0.1,0.85,10.0,10000.0,0.938,0.139
hermes.p.no-vmsub.zxpt.pi-.237,1 - 1 - 2021,52.657444,2.2893820126837725,1.0,4.47213595499958,0.2538812,0.2,0.35,0.2238,0.2,0.25,0.8954064,0.8,1.2,0.08869388,0.0239294,0.01336326,0.0007635226235680467,0.006924804972154556,True,0.1,0.85,10.0,10000.0,0.938,0.139
hermes.p.no-vmsub.zxpt.pi-.238,1 - 1 - 2021,52.657444,2.2893820126837725,1.0,4.47213595499958,0.2538812,0.2,0.35,0.2732,0.25,0.3,0.1008493,0.0,0.15,0.8926045,0.03530167,0.07110816,0.007683999500852196,0.018466146592412146,True,0.1,0.85,10.0,10000.0,0.938,0.139
hermes.p.no-vmsub.zxpt.pi-.239,1 - 1 - 2021,52.657444,2.2893820126837725,1.0,4.47213595499958,0.2538812,0.2,0.35,0.273232,0.25,0.3,0.2029737,0.15,0.25,1.791071,0.06732162,0.5001613,0.015418462118430776,0.02769921988861822,True,0.1,0.85,10.0,10000.0,0.938,0.139
hermes.p.no-vmsub.zxpt.pi-.240,1 - 1 - 2021,52.657444,2.2893820126837725,1.0,4.47213595499958,0.2538812,0.2,0.35,0.2740842,0.25,0.3,0.3004804,0.25,0.35,2.390011,0.09014778,0.3926291,0.020574446276073285,0.027699219888618225,True,0.1,0.85,10.0,10000.0,0.938,0.139
hermes.p.no-vmsub.zxpt.pi-.241,1 - 1 - 2021,52.657444,2.2893820126837725,1.0,4.47213595499958,0.2538812,0.2,0.35,0.2740496,0.25,0.3,0.3982353,0.35,0.45,2.136793,0.1018212,0.1631644,0.018394615247205752,0.027699219888618207,True,0.1,0.85,10.0,10000.0,0.938,0.139
hermes.p.no-vmsub.zxpt.pi-.242,1 - 1 - 2021,52.657444,2.2893820126837725,1.0,4.47213595499958,0.2538812,0.2,0.35,0.2737692,0.25,0.3,0.518069,0.45,0.6,1.418617,0.06675064,0.06363088,0.012212186158483896,0.01846614659241215,True,0.1,0.85,10.0,10000.0,0.938,0.139
hermes.p.no-vmsub.zxpt.pi-.243,1 - 1 - 2021,52.657444,2.2893820126837725,1.0,4.47213595499958,0.2538812,0.2,0.35,0.2741194,0.25,0.3,0.6787602,0.6,0.8,0.6679405,0.03744283,0.0604068,0.005749976018044908,0.013849609944309104,True,0.1,0.85,10.0,10000.0,0.938,0.139
hermes.p.no-vmsub.zxpt.pi-.244,1 - 1 - 2021,52.657444,2.2893820126837725,1.0,4.47213595499958,0.2538812,0.2,0.35,0.2758869,0.25,0.3,0.9221474,0.8,1.2,0.06797602,0.01304047,0.006175597,0.0005851726086412503,0.006924804972154556,True,0.1,0.85,10.0,10000.0,0.938,0.139
hermes.p.no-vmsub.zxpt.pi-.245,1 - 1 - 2021,52.657444,2.2893820126837725,1.0,4.47213595499958,0.2538812,0.2,0.35,0.3336636,0.3,0.375,0.1015863,0.0,0.15,0.4381599,0.0201724,0.03275487,0.0037719062058206606,0.012310764394941427,True,0.1,0.85,10.0,10000.0,0.938,0.139
hermes.p.no-vmsub.zxpt.pi-.246,1 - 1 - 2021,52.657444,2.2893820126837725,1.0,4.47213595499958,0.2538812,0.2,0.35,0.3344515,0.3,0.375,0.2028597,0.15,0.25,1.134604,0.03976531,0.1002918,0.00976725590075437,0.01846614659241214,True,0.1,0.85,10.0,10000.0,0.938,0.139
hermes.p.no-vmsub.zxpt.pi-.247,1 - 1 - 2021,52.657444,2.2893820126837725,1.0,4.47213595499958,0.2538812,0.2,0.35,0.3343206,0.3,0.375,0.3002157,0.25,0.35,1.361992,0.04877802,0.2752601,0.011724728979256418,0.018466146592412143,True,0.1,0.85,10.0,10000.0,0.938,0.139
hermes.p.no-vmsub.zxpt.pi-.248,1 - 1 - 2021,52.657444,2.2893820126837725,1.0,4.47213595499958,0.2538812,0.2,0.35,0.3340167,0.3,0.375,0.3990936,0.35,0.45,1.316784,0.05545586,0.1436112,0.011335555219282624,0.018466146592412132,True,0.1,0.85,10.0,10000.0,0.938,0.139
hermes.p.no-vmsub.zxpt.pi-.249,1 - 1 - 2021,52.657444,2.2893820126837725,1.0,4.47213595499958,0.2538812,0.2,0.35,0.3350068,0.3,0.375,0.51911,0.45,0.6,0.9720508,0.04213349,0.03468998,0.008367914190442662,0.012310764394941427,True,0.1,0.85,10.0,10000.0,0.938,0.139
hermes.p.no-vmsub.zxpt.pi-.250,1 - 1 - 2021,52.657444,2.2893820126837725,1.0,4.47213595499958,0.2538812,0.2,0.35,0.3350996,0.3,0.375,0.6827939,0.6,0.8,0.4881869,0.02526184,0.02353341,0.004202564401056213,0.009233073296206066,True,0.1,0.85,10.0,10000.0,0.938,0.139
hermes.p.no-vmsub.zxpt.pi-.251,1 - 1 - 2021,52.657444,2.2893820126837725,1.0,4.47213595499958,0.2538812,0.2,0.35,0.335703,0.3,0.375,0.9291243,0.8,1.2,0.09519183,0.008148434,0.004543367,0.0008194603256035648,0.004616536648103036,True,0.1,0.85,10.0,10000.0,0.938,0.139
hermes.p.no-vmsub.zxpt.pi-.252,1 - 1 - 2021,52.657444,2.2893820126837725,1.0,4.47213595499958,0.2538812,0.2,0.35,0.4188729,0.375,0.475,0.102476,0.0,0.15,0.2826465,0.01340237,0.01781928,0.0024331667215632684,0.009233073296206073,True,0.1,0.85,10.0,10000.0,0.938,0.139
hermes.p.no-vmsub.zxpt.pi-.253,1 - 1 - 2021,52.657444,2.2893820126837725,1.0,4.47213595499958,0.2538812,0.2,0.35,0.4179417,0.375,0.475,0.2039301,0.15,0.25,0.5556073,0.02444062,0.06304793,0.004782953946422896,0.01384960994430911,True,0.1,0.85,10.0,10000.0,0.938,0.139
hermes.p.no-vmsub.zxpt.pi-.254,1 - 1 - 2021,52.657444,2.2893820126837725,1.0,4.47213595499958,0.2538812,0.2,0.35,0.4193256,0.375,0.475,0.3014741,0.25,0.35,0.7230606,0.02996875,0.1587002,0.0062244782425877184,0.013849609944309112,True,0.1,0.85,10.0,10000.0,0.938,0.139
hermes.p.no-vmsub.zxpt.pi-.255,1 - 1 - 2021,52.657444,2.2893820126837725,1.0,4.47213595499958,0.2538812,0.2,0.35,0.419455,0.375,0.475,0.3994213,0.35,0.45,0.7045872,0.03215775,0.07068222,0.006065449695925627,0.013849609944309104,True,0.1,0.85,10.0,10000.0,0.938,0.139
hermes.p.no-vmsub.zxpt.pi-.256,1 - 1 - 2021,52.657444,2.2893820126837725,1.0,4.47213595499958,0.2538812,0.2,0.35,0.4204297,0.375,0.475,0.521503,0.45,0.6,0.6265108,0.02515411,0.01554584,0.00539332781145346,0.009233073296206075,True,0.1,0.85,10.0,10000.0,0.938,0.139
hermes.p.no-vmsub.zxpt.pi-.257,1 - 1 - 2021,52.657444,2.2893820126837725,1.0,4.47213595499958,0.2538812,0.2,0.35,0.4240164,0.375,0.475,0.6885764,0.6,0.8,0.3425911,0.01791025,0.01607725,0.002949200728202025,0.006924804972154552,True,0.1,0.85,10.0,10000.0,0.938,0.139
hermes.p.no-vmsub.zxpt.pi-.258,1 - 1 - 2021,52.657444,2.2893820126837725,1.0,4.47213595499958,0.2538812,0.2,0.35,0.4204292,0.375,0.475,0.92841,0.8,1.2,0.07220634,0.005379405,0.003496473,0.0006215893831124131,0.003462402486077278,True,0.1,0.85,10.0,10000.0,0.938,0.139
hermes.p.no-vmsub.zxpt.pi-.259,1 - 1 - 2021,52.657444,2.2893820126837725,1.0,4.47213595499958,0.2538812,0.2,0.35,0.5293345,0.475,0.6,0.1042764,0.0,0.15,0.1227882,0.008412903,0.006299719,0.0010570240991509,0.007386458636964857,True,0.1,0.85,10.0,10000.0,0.938,0.139
hermes.p.no-vmsub.zxpt.pi-.260,1 - 1 - 2021,52.657444,2.2893820126837725,1.0,4.47213595499958,0.2538812,0.2,0.35,0.5300672,0.475,0.6,0.2015228,0.15,0.25,0.2477541,0.01548362,0.04848156,0.0021327949620846467,0.011079687955447285,True,0.1,0.85,10.0,10000.0,0.938,0.139
hermes.p.no-vmsub.zxpt.pi-.261,1 - 1 - 2021,52.657444,2.2893820126837725,1.0,4.47213595499958,0.2538812,0.2,0.35,0.5291631,0.475,0.6,0.3015744,0.25,0.35,0.3164293,0.01879422,0.02858632,0.002723986472457858,0.011079687955447287,True,0.1,0.85,10.0,10000.0,0.938,0.139
hermes.p.no-vmsub.zxpt.pi-.262,1 - 1 - 2021,52.657444,2.2893820126837725,1.0,4.47213595499958,0.2538812,0.2,0.35,0.5291109,0.475,0.6,0.3988613,0.35,0.45,0.3671662,0.02077968,0.02460409,0.003160755852709456,0.011079687955447282,True,0.1,0.85,10.0,10000.0,0.938,0.139
hermes.p.no-vmsub.zxpt.pi-.263,1 - 1 - 2021,52.657444,2.2893820126837725,1.0,4.47213595499958,0.2538812,0.2,0.35,0.5285183,0.475,0.6,0.5227097,0.45,0.6,0.2787056,0.01435947,0.02761881,0.0023992414235920966,0.007386458636964858,True,0.1,0.85,10.0,10000.0,0.938,0.139
hermes.p.no-vmsub.zxpt.pi-.264,1 - 1 - 2021,52.657444,2.2893820126837725,1.0,4.47213595499958,0.2538812,0.2,0.35,0.532059,0.475,0.6,0.6854084,0.6,0.8,0.1848601,0.01114519,0.02804015,0.0015913710004010588,0.005539843977723641,True,0.1,0.85,10.0,10000.0,0.938,0.139
hermes.p.no-vmsub.zxpt.pi-.265,1 - 1 - 2021,52.657444,2.2893820126837725,1.0,4.47213595499958,0.2538812,0.2,0.35,0.5382871,0.475,0.6,0.9438126,0.8,1.2,0.05182469,0.004328503,0.007889866,0.0004461336371167967,0.0027699219888618217,True,0.1,0.85,10.0,10000.0,0.938,0.139
hermes.p.no-vmsub.zxpt.pi-.266,1 - 1 - 2021,52.657444,2.2893820126837725,1.0,4.47213595499958,0.2538812,0.2,0.35,0.6857839,0.6,0.8,0.1032566,0.0,0.15,0.05144759,0.00519723,0.003157012,0.0004428873659947361,0.004616536648103034,True,0.1,0.85,10.0,10000.0,0.938,0.139
hermes.p.no-vmsub.zxpt.pi-.267,1 - 1 - 2021,52.657444,2.2893820126837725,1.0,4.47213595499958,0.2538812,0.2,0.35,0.6815989,0.6,0.8,0.2016946,0.15,0.25,0.135004,0.01050787,0.02289728,0.001162184000431378,0.006924804972154551,True,0.1,0.85,10.0,10000.0,0.938,0.139
hermes.p.no-vmsub.zxpt.pi-.268,1 - 1 - 2021,52.657444,2.2893820126837725,1.0,4.47213595499958,0.2538812,0.2,0.35,0.6794035,0.6,0.8,0.301104,0.25,0.35,0.1186656,0.01109511,0.03228135,0.0010215346339485475,0.006924804972154552,True,0.1,0.85,10.0,10000.0,0.938,0.139
hermes.p.no-vmsub.zxpt.pi-.269,1 - 1 - 2021,52.657444,2.2893820126837725,1.0,4.47213595499958,0.2538812,0.2,0.35,0.6854764,0.6,0.8,0.3975786,0.35,0.45,0.1490684,0.01139852,0.003667361,0.0012832576031073508,0.006924804972154548,True,0.1,0.85,10.0,10000.0,0.938,0.139
hermes.p.no-vmsub.zxpt.pi-.270,1 - 1 - 2021,52.657444,2.2893820126837725,1.0,4.47213595499958,0.2538812,0.2,0.35,0.6831759,0.6,0.8,0.5215886,0.45,0.6,0.1280347,0.007732545,0.00223444,0.0011021886747061668,0.004616536648103035,True,0.1,0.85,10.0,10000.0,0.938,0.139
hermes.p.no-vmsub.zxpt.pi-.271,1 - 1 - 2021,52.657444,2.2893820126837725,1.0,4.47213595499958,0.2538812,0.2,0.35,0.6808522,0.6,0.8,0.6877197,0.6,0.8,0.08150358,0.005360245,0.001849685,0.0007016248159601112,0.003462402486077274,True,0.1,0.85,10.0,10000.0,0.938,0.139
hermes.p.no-vmsub.zxpt.pi-.272,1 - 1 - 2021,52.657444,2.2893820126837725,1.0,4.47213595499958,0.2538812,0.2,0.35,0.6861895,0.6,0.8,0.9342938,0.8,1.2,0.02901736,0.00227081,0.0005535231,0.00024979638771264144,0.001731201243038638,True,0.1,0.85,10.0,10000.0,0.938,0.139
hermes.p.no-vmsub.zxpt.pi-.273,1 - 1 - 2021,52.657444,2.2893820126837725,1.0,4.47213595499958,0.2538812,0.2,0.35,0.8819489,0.8,1.1,0.09749775,0.0,0.15,0.02046235,0.002624299,0.001174343,0.00017615045318084653,0.0030776910987353567,True,0.1,0.85,10.0,10000.0,0.938,0.139
hermes.p.no-vmsub.zxpt.pi-.274,1 - 1 - 2021,52.657444,2.2893820126837725,1.0,4.47213595499958,0.2538812,0.2,0.35,0.8683477,0.8,1.1,0.2029234,0.15,0.25,0.03590847,0.005028643,0.006100045,0.00030911861362604157,0.004616536648103035,True,0.1,0.85,10.0,10000.0,0.938,0.139
hermes.p.no-vmsub.zxpt.pi-.275,1 - 1 - 2021,52.657444,2.2893820126837725,1.0,4.47213595499958,0.2538812,0.2,0.35,0.8808116,0.8,1.1,0.3015589,0.25,0.35,0.04018873,0.005808826,0.01095376,0.0003459652973516083,0.004616536648103036,True,0.1,0.85,10.0,10000.0,0.938,0.139
hermes.p.no-vmsub.zxpt.pi-.276,1 - 1 - 2021,52.657444,2.2893820126837725,1.0,4.47213595499958,0.2538812,0.2,0.35,0.8768724,0.8,1.1,0.400271,0.35,0.45,0.04335307,0.006186635,0.001175291,0.0003732055666764063,0.004616536648103033,True,0.1,0.85,10.0,10000.0,0.938,0.139
hermes.p.no-vmsub.zxpt.pi-.277,1 - 1 - 2021,52.657444,2.2893820126837725,1.0,4.47213595499958,0.2538812,0.2,0.35,0.8681017,0.8,1.1,0.5189948,0.45,0.6,0.02476465,0.003282747,0.0007170514,0.0002131868685837673,0.0030776910987353567,True,0.1,0.85,10.0,10000.0,0.938,0.139
hermes.p.no-vmsub.zxpt.pi-.278,1 - 1 - 2021,52.657444,2.2893820126837725,1.0,4.47213595499958,0.2538812,0.2,0.35,0.8610592,0.8,1.1,0.6841322,0.6,0.8,0.01786357,0.002132202,0.0003657143,0.0001537788157727619,0.0023082683240515166,True,0.1,0.85,10.0,10000.0,0.938,0.139
hermes.p.no-vmsub.zxpt.pi-.279,1 - 1 - 2021,52.657444,2.2893820126837725,1.0,4.47213595499958,0.2538812,0.2,0.35,0.8456442,0.8,1.1,0.9084489,0.8,1.2,0.003998395,0.0008173259,9.636111e-05,3.442024455871544e-05,0.001154134162025759,True,0.1,0.85,10.0,10000.0,0.938,0.139
hermes.p.no-vmsub.zxpt.pi-.280,1 - 1 - 2021,52.657444,3.035335072113127,1.0,4.47213595499958,0.4100563,0.35,0.6,0.1391072,0.1,0.2,0.09685238,0.0,0.15,3.495261,0.3167955,0.7837945,0.02834009817536393,0.04846202285180486,True,0.1,0.85,10.0,10000.0,0.938,0.139
hermes.p.no-vmsub.zxpt.pi-.281,1 - 1 - 2021,52.657444,3.035335072113127,1.0,4.47213595499958,0.4100563,0.35,0.6,0.1396775,0.1,0.2,0.204628,0.15,0.25,6.999679,0.7120013,0.5418906,0.05675444267424756,0.07269303427770729,True,0.1,0.85,10.0,10000.0,0.938,0.139
hermes.p.no-vmsub.zxpt.pi-.282,1 - 1 - 2021,52.657444,3.035335072113127,1.0,4.47213595499958,0.4100563,0.35,0.6,0.1420067,0.1,0.2,0.301663,0.25,0.35,7.761687,0.8525428,0.8200951,0.06293291733763112,0.0726930342777073,True,0.1,0.85,10.0,10000.0,0.938,0.139
hermes.p.no-vmsub.zxpt.pi-.283,1 - 1 - 2021,52.657444,3.035335072113127,1.0,4.47213595499958,0.4100563,0.35,0.6,0.1408461,0.1,0.2,0.3942266,0.35,0.45,4.754389,0.6296948,0.9660309,0.03854929603937168,0.07269303427770726,True,0.1,0.85,10.0,10000.0,0.938,0.139
hermes.p.no-vmsub.zxpt.pi-.284,1 - 1 - 2021,52.657444,3.035335072113127,1.0,4.47213595499958,0.4100563,0.35,0.6,0.1433519,0.1,0.2,0.5189525,0.45,0.6,3.897017,0.44995,0.9940934,0.031597595822189586,0.04846202285180486,True,0.1,0.85,10.0,10000.0,0.938,0.139
hermes.p.no-vmsub.zxpt.pi-.285,1 - 1 - 2021,52.657444,3.035335072113127,1.0,4.47213595499958,0.4100563,0.35,0.6,0.1414921,0.1,0.2,0.666034,0.6,0.8,1.275318,0.3536947,0.07997833,0.01034046880184592,0.03634651713885363,True,0.1,0.85,10.0,10000.0,0.938,0.139
hermes.p.no-vmsub.zxpt.pi-.287,1 - 1 - 2021,52.657444,3.035335072113127,1.0,4.47213595499958,0.4100563,0.35,0.6,0.2256838,0.2,0.25,0.1020903,0.0,0.15,1.406051,0.155104,0.1231238,0.011400471489702378,0.09692404570360975,True,0.1,0.85,10.0,10000.0,0.938,0.139
hermes.p.no-vmsub.zxpt.pi-.288,1 - 1 - 2021,52.657444,3.035335072113127,1.0,4.47213595499958,0.4100563,0.35,0.6,0.2242818,0.2,0.25,0.203223,0.15,0.25,3.151396,0.2918663,0.7825204,0.025551989402064445,0.14538606855541464,True,0.1,0.85,10.0,10000.0,0.938,0.139
hermes.p.no-vmsub.zxpt.pi-.289,1 - 1 - 2021,52.657444,3.035335072113127,1.0,4.47213595499958,0.4100563,0.35,0.6,0.2238984,0.2,0.25,0.2984163,0.25,0.35,3.099048,0.3656727,0.4263353,0.02512754400033795,0.14538606855541464,True,0.1,0.85,10.0,10000.0,0.938,0.139
hermes.p.no-vmsub.zxpt.pi-.290,1 - 1 - 2021,52.657444,3.035335072113127,1.0,4.47213595499958,0.4100563,0.35,0.6,0.2247747,0.2,0.25,0.3953602,0.35,0.45,3.477997,0.4255675,0.1406275,0.028200119085133042,0.14538606855541455,True,0.1,0.85,10.0,10000.0,0.938,0.139
hermes.p.no-vmsub.zxpt.pi-.291,1 - 1 - 2021,52.657444,3.035335072113127,1.0,4.47213595499958,0.4100563,0.35,0.6,0.2231506,0.2,0.25,0.5188168,0.45,0.6,2.329358,0.2552172,0.242656,0.018886782533713325,0.09692404570360977,True,0.1,0.85,10.0,10000.0,0.938,0.139
hermes.p.no-vmsub.zxpt.pi-.292,1 - 1 - 2021,52.657444,3.035335072113127,1.0,4.47213595499958,0.4100563,0.35,0.6,0.2250307,0.2,0.25,0.6800174,0.6,0.8,1.024011,0.1459232,0.155853,0.008302834115292847,0.07269303427770728,True,0.1,0.85,10.0,10000.0,0.938,0.139
hermes.p.no-vmsub.zxpt.pi-.293,1 - 1 - 2021,52.657444,3.035335072113127,1.0,4.47213595499958,0.4100563,0.35,0.6,0.2238534,0.2,0.25,0.9097952,0.8,1.2,0.1752738,0.08404016,0.02670476,0.0014211461460443447,0.03634651713885366,True,0.1,0.85,10.0,10000.0,0.938,0.139
hermes.p.no-vmsub.zxpt.pi-.294,1 - 1 - 2021,52.657444,3.035335072113127,1.0,4.47213595499958,0.4100563,0.35,0.6,0.2710554,0.25,0.3,0.09646003,0.0,0.15,0.6873037,0.1119597,0.05762462,0.005572761042534699,0.09692404570360975,True,0.1,0.85,10.0,10000.0,0.938,0.139
hermes.p.no-vmsub.zxpt.pi-.295,1 - 1 - 2021,52.657444,3.035335072113127,1.0,4.47213595499958,0.4100563,0.35,0.6,0.2759461,0.25,0.3,0.204885,0.15,0.25,1.90816,0.2234487,0.5344152,0.01547164624739109,0.14538606855541464,True,0.1,0.85,10.0,10000.0,0.938,0.139
hermes.p.no-vmsub.zxpt.pi-.296,1 - 1 - 2021,52.657444,3.035335072113127,1.0,4.47213595499958,0.4100563,0.35,0.6,0.2728847,0.25,0.3,0.3027057,0.25,0.35,2.683644,0.2872054,0.4402565,0.02175938633130011,0.14538606855541464,True,0.1,0.85,10.0,10000.0,0.938,0.139
hermes.p.no-vmsub.zxpt.pi-.297,1 - 1 - 2021,52.657444,3.035335072113127,1.0,4.47213595499958,0.4100563,0.35,0.6,0.273534,0.25,0.3,0.4008507,0.35,0.45,2.61825,0.326122,0.197914,0.021229162013264993,0.14538606855541455,True,0.1,0.85,10.0,10000.0,0.938,0.139
hermes.p.no-vmsub.zxpt.pi-.298,1 - 1 - 2021,52.657444,3.035335072113127,1.0,4.47213595499958,0.4100563,0.35,0.6,0.2742488,0.25,0.3,0.5194338,0.45,0.6,1.791579,0.2309191,0.08042636,0.014526390089014907,0.09692404570360977,True,0.1,0.85,10.0,10000.0,0.938,0.139
hermes.p.no-vmsub.zxpt.pi-.299,1 - 1 - 2021,52.657444,3.035335072113127,1.0,4.47213595499958,0.4100563,0.35,0.6,0.2775138,0.25,0.3,0.6794505,0.6,0.8,0.5679693,0.1109006,0.05047071,0.004605179905761752,0.07269303427770728,True,0.1,0.85,10.0,10000.0,0.938,0.139
hermes.p.no-vmsub.zxpt.pi-.300,1 - 1 - 2021,52.657444,3.035335072113127,1.0,4.47213595499958,0.4100563,0.35,0.6,0.2741284,0.25,0.3,0.9292795,0.8,1.2,0.09782941,0.03961891,0.008721722,0.0007932154662664475,0.03634651713885366,True,0.1,0.85,10.0,10000.0,0.938,0.139
hermes.p.no-vmsub.zxpt.pi-.301,1 - 1 - 2021,52.657444,3.035335072113127,1.0,4.47213595499958,0.4100563,0.35,0.6,0.3326437,0.3,0.375,0.1030489,0.0,0.15,0.3947692,0.0656308,0.02947864,0.003200847629006783,0.06461603046907315,True,0.1,0.85,10.0,10000.0,0.938,0.139
hermes.p.no-vmsub.zxpt.pi-.302,1 - 1 - 2021,52.657444,3.035335072113127,1.0,4.47213595499958,0.4100563,0.35,0.6,0.3338348,0.3,0.375,0.2033184,0.15,0.25,1.169584,0.133028,0.1050418,0.0094831617393765,0.09692404570360971,True,0.1,0.85,10.0,10000.0,0.938,0.139
hermes.p.no-vmsub.zxpt.pi-.303,1 - 1 - 2021,52.657444,3.035335072113127,1.0,4.47213595499958,0.4100563,0.35,0.6,0.3337467,0.3,0.375,0.3002177,0.25,0.35,1.437829,0.1528373,0.2883251,0.011658132259475141,0.09692404570360973,True,0.1,0.85,10.0,10000.0,0.938,0.139
hermes.p.no-vmsub.zxpt.pi-.304,1 - 1 - 2021,52.657444,3.035335072113127,1.0,4.47213595499958,0.4100563,0.35,0.6,0.3341517,0.3,0.375,0.3964671,0.35,0.45,1.656079,0.1775924,0.1813413,0.01342773585324773,0.09692404570360967,True,0.1,0.85,10.0,10000.0,0.938,0.139
hermes.p.no-vmsub.zxpt.pi-.305,1 - 1 - 2021,52.657444,3.035335072113127,1.0,4.47213595499958,0.4100563,0.35,0.6,0.3338204,0.3,0.375,0.5173555,0.45,0.6,1.142205,0.1365122,0.04163241,0.009261168718556798,0.06461603046907315,True,0.1,0.85,10.0,10000.0,0.938,0.139
hermes.p.no-vmsub.zxpt.pi-.306,1 - 1 - 2021,52.657444,3.035335072113127,1.0,4.47213595499958,0.4100563,0.35,0.6,0.3375658,0.3,0.375,0.67,0.6,0.8,0.5372721,0.08513943,0.0248039,0.004356282423797235,0.048462022851804835,True,0.1,0.85,10.0,10000.0,0.938,0.139
hermes.p.no-vmsub.zxpt.pi-.307,1 - 1 - 2021,52.657444,3.035335072113127,1.0,4.47213595499958,0.4100563,0.35,0.6,0.3417706,0.3,0.375,0.9167795,0.8,1.2,0.08046885,0.02326818,0.004107479,0.0006524534531351545,0.02423101142590243,True,0.1,0.85,10.0,10000.0,0.938,0.139
hermes.p.no-vmsub.zxpt.pi-.308,1 - 1 - 2021,52.657444,3.035335072113127,1.0,4.47213595499958,0.4100563,0.35,0.6,0.419135,0.375,0.475,0.1026678,0.0,0.15,0.2521848,0.04261338,0.01682461,0.002044752020045003,0.04846202285180488,True,0.1,0.85,10.0,10000.0,0.938,0.139
hermes.p.no-vmsub.zxpt.pi-.309,1 - 1 - 2021,52.657444,3.035335072113127,1.0,4.47213595499958,0.4100563,0.35,0.6,0.4213088,0.375,0.475,0.2034389,0.15,0.25,0.5043326,0.07801776,0.05697848,0.004089204038564372,0.07269303427770732,True,0.1,0.85,10.0,10000.0,0.938,0.139
hermes.p.no-vmsub.zxpt.pi-.310,1 - 1 - 2021,52.657444,3.035335072113127,1.0,4.47213595499958,0.4100563,0.35,0.6,0.4198039,0.375,0.475,0.3039607,0.25,0.35,0.6662517,0.0979778,0.1464026,0.005402068282598385,0.07269303427770732,True,0.1,0.85,10.0,10000.0,0.938,0.139
hermes.p.no-vmsub.zxpt.pi-.311,1 - 1 - 2021,52.657444,3.035335072113127,1.0,4.47213595499958,0.4100563,0.35,0.6,0.4226964,0.375,0.475,0.3962531,0.35,0.45,0.7079136,0.1018744,0.07243935,0.005739869189647156,0.07269303427770728,True,0.1,0.85,10.0,10000.0,0.938,0.139
hermes.p.no-vmsub.zxpt.pi-.312,1 - 1 - 2021,52.657444,3.035335072113127,1.0,4.47213595499958,0.4100563,0.35,0.6,0.417607,0.375,0.475,0.5219678,0.45,0.6,0.5519768,0.07439446,0.01579666,0.004475510327418531,0.048462022851804884,True,0.1,0.85,10.0,10000.0,0.938,0.139
hermes.p.no-vmsub.zxpt.pi-.313,1 - 1 - 2021,52.657444,3.035335072113127,1.0,4.47213595499958,0.4100563,0.35,0.6,0.4178077,0.375,0.475,0.6854389,0.6,0.8,0.3400083,0.05362395,0.01748389,0.0027568380737342905,0.03634651713885364,True,0.1,0.85,10.0,10000.0,0.938,0.139
hermes.p.no-vmsub.zxpt.pi-.314,1 - 1 - 2021,52.657444,3.035335072113127,1.0,4.47213595499958,0.4100563,0.35,0.6,0.4172164,0.375,0.475,0.9102288,0.8,1.2,0.0757567,0.01840972,0.003957429,0.0006142466372158166,0.01817325856942683,True,0.1,0.85,10.0,10000.0,0.938,0.139
hermes.p.no-vmsub.zxpt.pi-.315,1 - 1 - 2021,52.657444,3.035335072113127,1.0,4.47213595499958,0.4100563,0.35,0.6,0.5229264,0.475,0.6,0.1010613,0.0,0.15,0.1219464,0.02651431,0.006752878,0.0009887596228528282,0.038769618281443895,True,0.1,0.85,10.0,10000.0,0.938,0.139
hermes.p.no-vmsub.zxpt.pi-.316,1 - 1 - 2021,52.657444,3.0352512251871344,1.0,4.47213595499958,0.409992,0.35,0.6,0.5290723,0.475,0.6,0.2004928,0.15,0.25,0.2590263,0.05510077,0.05069487,0.0021002239237645683,0.05815442742216584,True,0.1,0.85,10.0,10000.0,0.938,0.139
hermes.p.no-vmsub.zxpt.pi-.317,1 - 1 - 2021,52.657444,3.035335072113127,1.0,4.47213595499958,0.4100563,0.35,0.6,0.5312233,0.475,0.6,0.3027576,0.25,0.35,0.3012911,0.06455766,0.027457,0.0024429132340513023,0.058154427422165846,True,0.1,0.85,10.0,10000.0,0.938,0.139
hermes.p.no-vmsub.zxpt.pi-.318,1 - 1 - 2021,52.657444,3.035335072113127,1.0,4.47213595499958,0.4100563,0.35,0.6,0.5247763,0.475,0.6,0.4021577,0.35,0.45,0.4200153,0.07323149,0.0268745,0.003405546778096094,0.05815442742216582,True,0.1,0.85,10.0,10000.0,0.938,0.139
hermes.p.no-vmsub.zxpt.pi-.319,1 - 1 - 2021,52.657444,3.035335072113127,1.0,4.47213595499958,0.4100563,0.35,0.6,0.5262202,0.475,0.6,0.5219972,0.45,0.6,0.2524421,0.04461297,0.02514682,0.002046838246870559,0.038769618281443895,True,0.1,0.85,10.0,10000.0,0.938,0.139
hermes.p.no-vmsub.zxpt.pi-.320,1 - 1 - 2021,52.657444,3.035335072113127,1.0,4.47213595499958,0.4100563,0.35,0.6,0.5358424,0.475,0.6,0.6997973,0.6,0.8,0.1756392,0.03215232,0.0265586,0.0014241088638137123,0.02907721371108291,True,0.1,0.85,10.0,10000.0,0.938,0.139
hermes.p.no-vmsub.zxpt.pi-.321,1 - 1 - 2021,52.657444,3.035335072113127,1.0,4.47213595499958,0.4100563,0.35,0.6,0.5315728,0.475,0.6,0.9053111,0.8,1.2,0.08287482,0.01532929,0.01253559,0.0006719614172062154,0.014538606855541461,True,0.1,0.85,10.0,10000.0,0.938,0.139
hermes.p.no-vmsub.zxpt.pi-.322,1 - 1 - 2021,52.657444,3.0352512251871344,1.0,4.47213595499958,0.409992,0.35,0.6,0.6822067,0.6,0.8,0.1001661,0.0,0.15,0.02870244,0.01399709,0.001672965,0.00023272366998415643,0.02423101142590242,True,0.1,0.85,10.0,10000.0,0.938,0.139
hermes.p.no-vmsub.zxpt.pi-.323,1 - 1 - 2021,52.657444,3.035335072113127,1.0,4.47213595499958,0.4100563,0.35,0.6,0.6621433,0.6,0.8,0.1942865,0.15,0.25,0.1001217,0.0286906,0.01701615,0.0008118016959203717,0.03634651713885364,True,0.1,0.85,10.0,10000.0,0.938,0.139
hermes.p.no-vmsub.zxpt.pi-.324,1 - 1 - 2021,52.657444,3.035335072113127,1.0,4.47213595499958,0.4100563,0.35,0.6,0.6844238,0.6,0.8,0.2960212,0.25,0.35,0.08738471,0.03295718,0.02379264,0.0007085282788397507,0.03634651713885364,True,0.1,0.85,10.0,10000.0,0.938,0.139
hermes.p.no-vmsub.zxpt.pi-.325,1 - 1 - 2021,52.657444,3.0361233505903544,1.0,4.47213595499958,0.4101289,0.35,0.6,0.6802062,0.6,0.8,0.4023158,0.35,0.45,0.197927,0.05168481,0.02556941,0.0016048216747061967,0.03634651713885362,True,0.1,0.85,10.0,10000.0,0.938,0.139
hermes.p.no-vmsub.zxpt.pi-.326,1 - 1 - 2021,52.657444,3.035335072113127,1.0,4.47213595499958,0.4100563,0.35,0.6,0.6888424,0.6,0.8,0.5266542,0.45,0.6,0.1658673,0.02799752,0.005199609,0.0013448768392639466,0.024231011425902428,True,0.1,0.85,10.0,10000.0,0.938,0.139
hermes.p.no-vmsub.zxpt.pi-.327,1 - 1 - 2021,52.657444,3.035335072113127,1.0,4.47213595499958,0.4100563,0.35,0.6,0.6820037,0.6,0.8,0.693869,0.6,0.8,0.07161609,0.01645271,0.001833848,0.0005806739529710938,0.01817325856942681,True,0.1,0.85,10.0,10000.0,0.938,0.139
hermes.p.no-vmsub.zxpt.pi-.328,1 - 1 - 2021,52.657444,3.0352512251871344,1.0,4.47213595499958,0.409992,0.35,0.6,0.6884849,0.6,0.8,0.9226378,0.8,1.2,0.0202515,0.006976549,0.0004625775,0.0001642021863884793,0.00908662928471341,True,0.1,0.85,10.0,10000.0,0.938,0.139
hermes.p.no-vmsub.zxpt.pi-.329,1 - 1 - 2021,52.657444,3.0352512251871344,1.0,4.47213595499958,0.409992,0.35,0.6,0.8666466,0.8,1.1,0.1150891,0.0,0.15,0.007698006,0.00575638,0.000458955,6.241658227941793e-05,0.016154007617268287,True,0.1,0.85,10.0,10000.0,0.938,0.139
hermes.p.no-vmsub.zxpt.pi-.330,1 - 1 - 2021,52.657444,3.0352512251871344,1.0,4.47213595499958,0.409992,0.35,0.6,0.883724,0.8,1.1,0.2061022,0.15,0.25,0.01236989,0.01421554,0.002105188,0.00010029691545737285,0.024231011425902428,True,0.1,0.85,10.0,10000.0,0.938,0.139
hermes.p.no-vmsub.zxpt.pi-.331,1 - 1 - 2021,52.657444,3.035335072113127,1.0,4.47213595499958,0.4100563,0.35,0.6,0.870857,0.8,1.1,0.3094652,0.25,0.35,0.05631263,0.01918058,0.01533844,0.00045659121385010847,0.02423101142590243,True,0.1,0.85,10.0,10000.0,0.938,0.139
hermes.p.no-vmsub.zxpt.pi-.332,1 - 1 - 2021,52.657444,3.0345668554177547,1.0,4.47213595499958,0.4100822,0.35,0.6,0.881968,0.8,1.1,0.4040579,0.35,0.45,0.03220431,0.02464463,0.004154393,0.000261117354918518,0.024231011425902418,True,0.1,0.85,10.0,10000.0,0.938,0.139
hermes.p.no-vmsub.zxpt.pi-.333,1 - 1 - 2021,52.657444,3.0352512251871344,1.0,4.47213595499958,0.409992,0.35,0.6,0.8590401,0.8,1.1,0.5178942,0.45,0.6,0.04157467,0.01198061,0.00121761,0.0003370936331817159,0.016154007617268287,True,0.1,0.85,10.0,10000.0,0.938,0.139
hermes.p.no-vmsub.zxpt.pi-.334,1 - 1 - 2021,52.657444,3.0345668554177547,1.0,4.47213595499958,0.4100822,0.35,0.6,0.8481316,0.8,1.1,0.6961856,0.6,0.8,0.01414914,0.008262305,0.0003731408,0.00011472334017315694,0.012115505712951209,True,0.1,0.85,10.0,10000.0,0.938,0.139
hermes.p.no-vmsub.zxpt.pi-.335,1 - 1 - 2021,52.657444,3.035335072113127,1.0,4.47213595499958,0.4100563,0.35,0.6,0.8545865,0.8,1.1,0.8773544,0.8,1.2,0.003955451,0.001987189,0.0005742536,3.2071387420808174e-05,0.006057752856475608,True,0.1,0.85,10.0,10000.0,0.938,0.139
