Name,hermes.p.no-vmsub.zxpt.k-
Comment,HERMES proton-to-k- (zxpt-3D) no-vmsub. thFactor contains DIS normalization
Reference,1212.5407
Process type,SIDIS
Number of points,324
Number of uncorr.errors,2
Number of corr.errors,1
Number of norm.errors,0
List of norm.errors (relative),
Total cross-section nomalized,False
List of points 
Point id,process id,s[GeV^2],<Q>[GeV],Qmin[GeV],Qmax[GeV],<x>,xMin,xMax,<z>,zMin,zMax,<pT>[GeV],pTMin[GeV],pTMax[GeV],xSec,Uncorr.Err.0,Uncorr.Err.1,Corr.Err.0,Th.Factor,FiducialCuts,yMin,yMax,W2min[GeV^2],W2max[GeV^2],TargetMass[GeV],ProductMass[GeV]
hermes.p.no-vmsub.zxpt.k-.0,1 - 1 - 2022,52.657444,1.117911892771519,1.0,4.47213595499958,0.03758844,0.023,0.047,0.1492554,0.1,0.2,0.1067939,0.0,0.15,0.2874711,0.02006785,0.02779402,0.008689432649190662,0.010989660854626649,True,0.1,0.85,10.0,10000.0,0.938,0.494
hermes.p.no-vmsub.zxpt.k-.1,1 - 1 - 2022,52.657444,1.117911892771519,1.0,4.47213595499958,0.03758844,0.023,0.047,0.1511672,0.1,0.2,0.213508,0.15,0.25,0.5791951,0.02503585,0.02982662,0.017507418353327517,0.016484491281939975,True,0.1,0.85,10.0,10000.0,0.938,0.494
hermes.p.no-vmsub.zxpt.k-.2,1 - 1 - 2022,52.657444,1.117911892771519,1.0,4.47213595499958,0.03758844,0.023,0.047,0.1518241,0.1,0.2,0.3168185,0.25,0.35,0.7039968,0.02425432,0.03610476,0.021279818315113233,0.016484491281939975,True,0.1,0.85,10.0,10000.0,0.938,0.494
hermes.p.no-vmsub.zxpt.k-.3,1 - 1 - 2022,52.657444,1.117911892771519,1.0,4.47213595499958,0.03758844,0.023,0.047,0.151976,0.1,0.2,0.4237499,0.35,0.45,0.6270463,0.02491502,0.02765005,0.018953823851420897,0.016484491281939965,True,0.1,0.85,10.0,10000.0,0.938,0.494
hermes.p.no-vmsub.zxpt.k-.4,1 - 1 - 2022,52.657444,1.117911892771519,1.0,4.47213595499958,0.03758844,0.023,0.047,0.1526828,0.1,0.2,0.5546972,0.45,0.6,0.4494353,0.02226225,0.01857339,0.013585149148971147,0.010989660854626649,True,0.1,0.85,10.0,10000.0,0.938,0.494
hermes.p.no-vmsub.zxpt.k-.5,1 - 1 - 2022,52.657444,1.117911892771519,1.0,4.47213595499958,0.03758844,0.023,0.047,0.155791,0.1,0.2,0.7346679,0.6,0.8,0.1621317,0.02148063,0.004985833,0.004900779547748576,0.008242245640969982,True,0.1,0.85,10.0,10000.0,0.938,0.494
hermes.p.no-vmsub.zxpt.k-.6,1 - 1 - 2022,52.657444,1.1180456162429153,1.0,4.47213595499958,0.03758863,0.023,0.047,0.1478494,0.1,0.2,0.8994808,0.8,1.2,0.005983145,0.01754469,0.0001809396,0.0001808534336419969,0.004121122820484994,True,0.1,0.85,10.0,10000.0,0.938,0.494
hermes.p.no-vmsub.zxpt.k-.7,1 - 1 - 2022,52.657444,1.117911892771519,1.0,4.47213595499958,0.03758844,0.023,0.047,0.2296836,0.2,0.25,0.1042003,0.0,0.15,0.1387471,0.01737857,0.004674829,0.0041939296879600135,0.021979321709253305,True,0.1,0.85,10.0,10000.0,0.938,0.494
hermes.p.no-vmsub.zxpt.k-.8,1 - 1 - 2022,52.657444,1.117911892771519,1.0,4.47213595499958,0.03758844,0.023,0.047,0.2252717,0.2,0.25,0.2044803,0.15,0.25,0.3973029,0.02670102,0.01413338,0.012009335167528607,0.03296898256387996,True,0.1,0.85,10.0,10000.0,0.938,0.494
hermes.p.no-vmsub.zxpt.k-.9,1 - 1 - 2022,52.657444,1.117911892771519,1.0,4.47213595499958,0.03758844,0.023,0.047,0.2328072,0.2,0.25,0.3144368,0.25,0.35,0.4104288,0.0249637,0.01160645,0.012406093742599322,0.032968982563879964,True,0.1,0.85,10.0,10000.0,0.938,0.494
hermes.p.no-vmsub.zxpt.k-.10,1 - 1 - 2022,52.657444,1.117911892771519,1.0,4.47213595499958,0.03758844,0.023,0.047,0.2333894,0.2,0.25,0.4157519,0.35,0.45,0.3867674,0.02260191,0.008461565,0.011690877007123792,0.032968982563879944,True,0.1,0.85,10.0,10000.0,0.938,0.494
hermes.p.no-vmsub.zxpt.k-.11,1 - 1 - 2022,52.657444,1.117911892771519,1.0,4.47213595499958,0.03758844,0.023,0.047,0.2332827,0.2,0.25,0.5441331,0.45,0.6,0.2706343,0.01422219,0.007793275,0.008180504135583926,0.02197932170925331,True,0.1,0.85,10.0,10000.0,0.938,0.494
hermes.p.no-vmsub.zxpt.k-.12,1 - 1 - 2022,52.657444,1.117911892771519,1.0,4.47213595499958,0.03758844,0.023,0.047,0.236652,0.2,0.25,0.7277577,0.6,0.8,0.1384074,0.01018846,0.003968887,0.004183661524409207,0.016484491281939972,True,0.1,0.85,10.0,10000.0,0.938,0.494
hermes.p.no-vmsub.zxpt.k-.13,1 - 1 - 2022,52.657444,1.1180456162429153,1.0,4.47213595499958,0.03758863,0.023,0.047,0.2470212,0.2,0.25,1.02915,0.8,1.2,0.03777216,0.007842878,0.000936174,0.0011417448235125323,0.008242245640969991,True,0.1,0.85,10.0,10000.0,0.938,0.494
hermes.p.no-vmsub.zxpt.k-.14,1 - 1 - 2022,52.657444,1.117911892771519,1.0,4.47213595499958,0.03758844,0.023,0.047,0.2783266,0.25,0.3,0.1053194,0.0,0.15,0.1242235,0.01775717,0.00404088,0.0037549226224713934,0.021979321709253305,True,0.1,0.85,10.0,10000.0,0.938,0.494
hermes.p.no-vmsub.zxpt.k-.15,1 - 1 - 2022,52.657444,1.117911892771519,1.0,4.47213595499958,0.03758844,0.023,0.047,0.2760336,0.25,0.3,0.2048223,0.15,0.25,0.2425164,0.02029843,0.00950988,0.0073305800970051675,0.03296898256387996,True,0.1,0.85,10.0,10000.0,0.938,0.494
hermes.p.no-vmsub.zxpt.k-.16,1 - 1 - 2022,52.657444,1.117911892771519,1.0,4.47213595499958,0.03758844,0.023,0.047,0.2804486,0.25,0.3,0.3086946,0.25,0.35,0.2619652,0.02110887,0.01032489,0.007918461931762051,0.032968982563879964,True,0.1,0.85,10.0,10000.0,0.938,0.494
hermes.p.no-vmsub.zxpt.k-.17,1 - 1 - 2022,52.657444,1.117911892771519,1.0,4.47213595499958,0.03758844,0.023,0.047,0.2769213,0.25,0.3,0.4040598,0.35,0.45,0.2639177,0.01800813,0.01152126,0.007977480446136345,0.032968982563879944,True,0.1,0.85,10.0,10000.0,0.938,0.494
hermes.p.no-vmsub.zxpt.k-.18,1 - 1 - 2022,52.657444,1.117911892771519,1.0,4.47213595499958,0.03758844,0.023,0.047,0.2861604,0.25,0.3,0.5450003,0.45,0.6,0.201626,0.012636,0.009532777,0.006094579758889559,0.02197932170925331,True,0.1,0.85,10.0,10000.0,0.938,0.494
hermes.p.no-vmsub.zxpt.k-.19,1 - 1 - 2022,52.657444,1.117911892771519,1.0,4.47213595499958,0.03758844,0.023,0.047,0.2950741,0.25,0.3,0.7434569,0.6,0.8,0.1051248,0.008164731,0.004550282,0.0031776233136466187,0.016484491281939972,True,0.1,0.85,10.0,10000.0,0.938,0.494
hermes.p.no-vmsub.zxpt.k-.20,1 - 1 - 2022,52.657444,1.117911892771519,1.0,4.47213595499958,0.03758844,0.023,0.047,0.30285,0.3,0.375,1.03269,0.8,1.2,0.02889205,0.003624438,0.001057333,0.000873324388336946,0.0054948304273133245,True,0.1,0.85,10.0,10000.0,0.938,0.494
hermes.p.no-vmsub.zxpt.k-.21,1 - 1 - 2022,52.657444,1.117911892771519,1.0,4.47213595499958,0.03758844,0.023,0.047,0.3341398,0.3,0.375,0.1031244,0.0,0.15,0.1070292,0.0125591,0.003221051,0.003235187902007392,0.014652881139502198,True,0.1,0.85,10.0,10000.0,0.938,0.494
hermes.p.no-vmsub.zxpt.k-.22,1 - 1 - 2022,52.657444,1.117911892771519,1.0,4.47213595499958,0.03758844,0.023,0.047,0.3330176,0.3,0.375,0.2065466,0.15,0.25,0.1892749,0.01564404,0.007982923,0.005721241181225861,0.021979321709253295,True,0.1,0.85,10.0,10000.0,0.938,0.494
hermes.p.no-vmsub.zxpt.k-.23,1 - 1 - 2022,52.657444,1.117911892771519,1.0,4.47213595499958,0.03758844,0.023,0.047,0.33616,0.3,0.375,0.3011856,0.25,0.35,0.2005206,0.01484553,0.01242353,0.006061166665015373,0.021979321709253298,True,0.1,0.85,10.0,10000.0,0.938,0.494
hermes.p.no-vmsub.zxpt.k-.24,1 - 1 - 2022,52.657444,1.117911892771519,1.0,4.47213595499958,0.03758844,0.023,0.047,0.337424,0.3,0.375,0.4025565,0.35,0.45,0.2181497,0.01489294,0.01348703,0.006594044151189974,0.021979321709253284,True,0.1,0.85,10.0,10000.0,0.938,0.494
hermes.p.no-vmsub.zxpt.k-.25,1 - 1 - 2022,52.657444,1.117911892771519,1.0,4.47213595499958,0.03758844,0.023,0.047,0.3482385,0.3,0.375,0.5371654,0.45,0.6,0.164179,0.008927064,0.009947601,0.00496266359613705,0.014652881139502198,True,0.1,0.85,10.0,10000.0,0.938,0.494
hermes.p.no-vmsub.zxpt.k-.26,1 - 1 - 2022,52.657444,1.117911892771519,1.0,4.47213595499958,0.03758844,0.023,0.047,0.3518247,0.3,0.375,0.7159694,0.6,0.8,0.09879471,0.005483341,0.006064141,0.002986282720737226,0.010989660854626642,True,0.1,0.85,10.0,10000.0,0.938,0.494
hermes.p.no-vmsub.zxpt.k-.27,1 - 1 - 2022,52.657444,1.117911892771519,1.0,4.47213595499958,0.03758844,0.023,0.047,0.3400903,0.3,0.375,0.9523436,0.8,1.2,0.02842819,0.002152783,0.00177897,0.0008593032215878239,0.0054948304273133245,True,0.1,0.85,10.0,10000.0,0.938,0.494
hermes.p.no-vmsub.zxpt.k-.28,1 - 1 - 2022,52.657444,1.117911892771519,1.0,4.47213595499958,0.03758844,0.023,0.047,0.4197386,0.375,0.475,0.09975717,0.0,0.15,0.03966481,0.00672094,0.001326245,0.0011989542428367383,0.010989660854626652,True,0.1,0.85,10.0,10000.0,0.938,0.494
hermes.p.no-vmsub.zxpt.k-.29,1 - 1 - 2022,52.657444,1.117911892771519,1.0,4.47213595499958,0.03758844,0.023,0.047,0.4231497,0.375,0.475,0.2061193,0.15,0.25,0.1276859,0.0112743,0.005368573,0.0038595811137234104,0.01648449128193998,True,0.1,0.85,10.0,10000.0,0.938,0.494
hermes.p.no-vmsub.zxpt.k-.30,1 - 1 - 2022,52.657444,1.117911892771519,1.0,4.47213595499958,0.03758844,0.023,0.047,0.4246884,0.375,0.475,0.3068754,0.25,0.35,0.1024421,0.01004155,0.005884586,0.003096532932846657,0.016484491281939982,True,0.1,0.85,10.0,10000.0,0.938,0.494
hermes.p.no-vmsub.zxpt.k-.31,1 - 1 - 2022,52.657444,1.117911892771519,1.0,4.47213595499958,0.03758844,0.023,0.047,0.4282686,0.375,0.475,0.4066426,0.35,0.45,0.1272435,0.01057403,0.007410334,0.003846208621657245,0.016484491281939972,True,0.1,0.85,10.0,10000.0,0.938,0.494
hermes.p.no-vmsub.zxpt.k-.32,1 - 1 - 2022,52.657444,1.117911892771519,1.0,4.47213595499958,0.03758844,0.023,0.047,0.4248708,0.375,0.475,0.5284098,0.45,0.6,0.09362886,0.006493267,0.005576309,0.0028301337873285403,0.010989660854626654,True,0.1,0.85,10.0,10000.0,0.938,0.494
hermes.p.no-vmsub.zxpt.k-.33,1 - 1 - 2022,52.657444,1.117911892771519,1.0,4.47213595499958,0.03758844,0.023,0.047,0.4255666,0.375,0.475,0.6994628,0.6,0.8,0.06659477,0.004124159,0.004120193,0.002012970238411245,0.008242245640969986,True,0.1,0.85,10.0,10000.0,0.938,0.494
hermes.p.no-vmsub.zxpt.k-.34,1 - 1 - 2022,52.657444,1.117911892771519,1.0,4.47213595499958,0.03758844,0.023,0.047,0.4393389,0.375,0.475,0.9771653,0.8,1.2,0.02057473,0.001525212,0.001278353,0.0006219154920626198,0.0041211228204849955,True,0.1,0.85,10.0,10000.0,0.938,0.494
hermes.p.no-vmsub.zxpt.k-.35,1 - 1 - 2022,52.657444,1.117911892771519,1.0,4.47213595499958,0.03758844,0.023,0.047,0.5439937,0.475,0.6,0.1020402,0.0,0.15,0.03139809,0.005379559,0.001071274,0.0009490748404560556,0.00879172868370132,True,0.1,0.85,10.0,10000.0,0.938,0.494
hermes.p.no-vmsub.zxpt.k-.36,1 - 1 - 2022,52.657444,1.117911892771519,1.0,4.47213595499958,0.03758844,0.023,0.047,0.5300007,0.475,0.6,0.2038667,0.15,0.25,0.05456761,0.00750411,0.002519976,0.0016494234443820714,0.013187593025551978,True,0.1,0.85,10.0,10000.0,0.938,0.494
hermes.p.no-vmsub.zxpt.k-.37,1 - 1 - 2022,52.657444,1.117911892771519,1.0,4.47213595499958,0.03758844,0.023,0.047,0.5381195,0.475,0.6,0.3049958,0.25,0.35,0.07019618,0.006672515,0.004399567,0.0021218306060694953,0.013187593025551982,True,0.1,0.85,10.0,10000.0,0.938,0.494
hermes.p.no-vmsub.zxpt.k-.38,1 - 1 - 2022,52.657444,1.117911892771519,1.0,4.47213595499958,0.03758844,0.023,0.047,0.5366275,0.475,0.6,0.4052781,0.35,0.45,0.07428927,0.006617829,0.002576593,0.002245553059846852,0.013187593025551975,True,0.1,0.85,10.0,10000.0,0.938,0.494
hermes.p.no-vmsub.zxpt.k-.39,1 - 1 - 2022,52.657444,1.117911892771519,1.0,4.47213595499958,0.03758844,0.023,0.047,0.5511153,0.475,0.6,0.5459777,0.45,0.6,0.05785679,0.005101127,0.002028456,0.0017488459883562826,0.008791728683701322,True,0.1,0.85,10.0,10000.0,0.938,0.494
hermes.p.no-vmsub.zxpt.k-.40,1 - 1 - 2022,52.657444,1.117911892771519,1.0,4.47213595499958,0.03758844,0.023,0.047,0.5371943,0.475,0.6,0.6996341,0.6,0.8,0.04300121,0.003023708,0.001549608,0.0012998041129306701,0.006593796512775987,True,0.1,0.85,10.0,10000.0,0.938,0.494
hermes.p.no-vmsub.zxpt.k-.41,1 - 1 - 2022,52.657444,1.117911892771519,1.0,4.47213595499958,0.03758844,0.023,0.047,0.5328842,0.475,0.6,0.9503407,0.8,1.2,0.0143892,0.001137387,0.0005208599,0.0004349445362533286,0.0032968982563879954,True,0.1,0.85,10.0,10000.0,0.938,0.494
hermes.p.no-vmsub.zxpt.k-.42,1 - 1 - 2022,52.657444,1.117911892771519,1.0,4.47213595499958,0.03758844,0.023,0.047,0.6633625,0.6,0.8,0.09395251,0.0,0.15,0.009292937,0.002420435,0.0003267994,0.00028089901967422783,0.005494830427313323,True,0.1,0.85,10.0,10000.0,0.938,0.494
hermes.p.no-vmsub.zxpt.k-.43,1 - 1 - 2022,52.657444,1.117911892771519,1.0,4.47213595499958,0.03758844,0.023,0.047,0.6630113,0.6,0.8,0.2084813,0.15,0.25,0.01495459,0.002986401,0.0006335303,0.00045203466574991427,0.008242245640969984,True,0.1,0.85,10.0,10000.0,0.938,0.494
hermes.p.no-vmsub.zxpt.k-.44,1 - 1 - 2022,52.657444,1.117911892771519,1.0,4.47213595499958,0.03758844,0.023,0.047,0.6715729,0.6,0.8,0.3039108,0.25,0.35,0.02662177,0.003522889,0.001598905,0.0008047002895847426,0.008242245640969986,True,0.1,0.85,10.0,10000.0,0.938,0.494
hermes.p.no-vmsub.zxpt.k-.45,1 - 1 - 2022,52.657444,1.117911892771519,1.0,4.47213595499958,0.03758844,0.023,0.047,0.6689701,0.6,0.8,0.3984908,0.35,0.45,0.02539945,0.003806909,0.00155436,0.0007677530370930704,0.00824224564096998,True,0.1,0.85,10.0,10000.0,0.938,0.494
hermes.p.no-vmsub.zxpt.k-.46,1 - 1 - 2022,52.657444,1.117911892771519,1.0,4.47213595499958,0.03758844,0.023,0.047,0.6739905,0.6,0.8,0.5247764,0.45,0.6,0.03085883,0.002914309,0.001871624,0.000932774546442492,0.005494830427313324,True,0.1,0.85,10.0,10000.0,0.938,0.494
hermes.p.no-vmsub.zxpt.k-.47,1 - 1 - 2022,52.657444,1.117911892771519,1.0,4.47213595499958,0.03758844,0.023,0.047,0.7008511,0.6,0.8,0.7128583,0.6,0.8,0.01555164,0.001748445,0.000942276,0.00047008178688034887,0.00412112282048499,True,0.1,0.85,10.0,10000.0,0.938,0.494
hermes.p.no-vmsub.zxpt.k-.48,1 - 1 - 2022,52.657444,1.117911892771519,1.0,4.47213595499958,0.03758844,0.023,0.047,0.6828211,0.6,0.8,0.946415,0.8,1.2,0.007344737,0.0007293328,0.0004444939,0.0002220104820537392,0.0020605614102424965,True,0.1,0.85,10.0,10000.0,0.938,0.494
hermes.p.no-vmsub.zxpt.k-.49,1 - 1 - 2022,52.657444,1.1179257578211532,1.0,4.47213595499958,0.03759089,0.023,0.047,0.915515,0.8,1.1,0.097701,0.0,0.15,0.001757591,0.0009030888,0.0001063671,5.312697039571513e-05,0.0036632202848755494,True,0.1,0.85,10.0,10000.0,0.938,0.494
hermes.p.no-vmsub.zxpt.k-.50,1 - 1 - 2022,52.657444,1.117911892771519,1.0,4.47213595499958,0.03758844,0.023,0.047,0.8935554,0.8,1.1,0.2069148,0.15,0.25,0.00405614,0.002445685,0.0005054243,0.0001226055605091719,0.005494830427313324,True,0.1,0.85,10.0,10000.0,0.938,0.494
hermes.p.no-vmsub.zxpt.k-.51,1 - 1 - 2022,52.657444,1.117911892771519,1.0,4.47213595499958,0.03758844,0.023,0.047,0.8564846,0.8,1.1,0.2742739,0.25,0.35,0.003524596,0.002183962,0.0005911772,0.00010653849920081292,0.0054948304273133245,True,0.1,0.85,10.0,10000.0,0.938,0.494
hermes.p.no-vmsub.zxpt.k-.52,1 - 1 - 2022,52.657444,1.117911892771519,1.0,4.47213595499958,0.03758844,0.023,0.047,0.8301383,0.8,1.1,0.4115356,0.35,0.45,0.002890528,0.001591916,0.000231145,8.73724293558545e-05,0.005494830427313321,True,0.1,0.85,10.0,10000.0,0.938,0.494
hermes.p.no-vmsub.zxpt.k-.53,1 - 1 - 2022,52.657444,1.1180456162429153,1.0,4.47213595499958,0.03758863,0.023,0.047,0.8779089,0.8,1.1,0.5346736,0.45,0.6,0.001373022,0.0008872229,0.0003960003,4.1502544759654314e-05,0.0036632202848755494,True,0.1,0.85,10.0,10000.0,0.938,0.494
hermes.p.no-vmsub.zxpt.k-.54,1 - 1 - 2022,52.657444,1.117911892771519,1.0,4.47213595499958,0.03758844,0.023,0.047,0.8223271,0.8,1.1,0.7061202,0.6,0.8,0.001913542,0.0007406516,0.0001217609,5.7840924984798814e-05,0.0027474152136566605,True,0.1,0.85,10.0,10000.0,0.938,0.494
hermes.p.no-vmsub.zxpt.k-.55,1 - 1 - 2022,52.657444,1.117911892771519,1.0,4.47213595499958,0.03758844,0.023,0.047,0.8467871,0.8,1.1,0.9375979,0.8,1.2,0.0002252914,0.0001763871,1.73816e-05,6.809917402973283e-06,0.0013737076068283311,True,0.1,0.85,10.0,10000.0,0.938,0.494
hermes.p.no-vmsub.zxpt.k-.56,1 - 1 - 2022,52.657444,1.2288104003466116,1.0,4.47213595499958,0.06109764,0.047,0.075,0.1492598,0.1,0.2,0.102048,0.0,0.15,0.2398215,0.01550308,0.01223939,0.005731959662775717,0.005737335878031426,True,0.1,0.85,10.0,10000.0,0.938,0.494
hermes.p.no-vmsub.zxpt.k-.57,1 - 1 - 2022,52.657444,1.2288104003466116,1.0,4.47213595499958,0.06109764,0.047,0.075,0.1476224,0.1,0.2,0.2106246,0.15,0.25,0.5810979,0.02490788,0.02786815,0.013888786964153244,0.008606003817047138,True,0.1,0.85,10.0,10000.0,0.938,0.494
hermes.p.no-vmsub.zxpt.k-.58,1 - 1 - 2022,52.657444,1.2288104003466116,1.0,4.47213595499958,0.06109764,0.047,0.075,0.1467307,0.1,0.2,0.3114991,0.25,0.35,0.5856082,0.02440688,0.02884182,0.01399658738099251,0.00860600381704714,True,0.1,0.85,10.0,10000.0,0.938,0.494
hermes.p.no-vmsub.zxpt.k-.59,1 - 1 - 2022,52.657444,1.2288104003466116,1.0,4.47213595499958,0.06109764,0.047,0.075,0.1476201,0.1,0.2,0.4145304,0.35,0.45,0.5359861,0.02578078,0.0267449,0.012810572467474652,0.008606003817047134,True,0.1,0.85,10.0,10000.0,0.938,0.494
hermes.p.no-vmsub.zxpt.k-.60,1 - 1 - 2022,52.657444,1.2288104003466116,1.0,4.47213595499958,0.06109764,0.047,0.075,0.148119,0.1,0.2,0.5388836,0.45,0.6,0.3526426,0.0236533,0.01633361,0.008428490183642218,0.005737335878031426,True,0.1,0.85,10.0,10000.0,0.938,0.494
hermes.p.no-vmsub.zxpt.k-.61,1 - 1 - 2022,52.657444,1.2288104003466116,1.0,4.47213595499958,0.06109764,0.047,0.075,0.1621731,0.1,0.2,0.7628159,0.6,0.8,0.1526086,0.02377881,0.004246957,0.00364748923425412,0.004303001908523567,True,0.1,0.85,10.0,10000.0,0.938,0.494
hermes.p.no-vmsub.zxpt.k-.62,1 - 1 - 2022,52.657444,1.2288104003466116,1.0,4.47213595499958,0.06109764,0.047,0.075,0.1479451,0.1,0.2,0.8703318,0.8,1.2,0.03939542,0.02159767,0.001139005,0.0009415876322102387,0.002151500954261785,True,0.1,0.85,10.0,10000.0,0.938,0.494
hermes.p.no-vmsub.zxpt.k-.63,1 - 1 - 2022,52.657444,1.2288104003466116,1.0,4.47213595499958,0.06109764,0.047,0.075,0.2238843,0.2,0.25,0.1006681,0.0,0.15,0.1620214,0.01207325,0.006836955,0.0038724640172230164,0.011474671756062853,True,0.1,0.85,10.0,10000.0,0.938,0.494
hermes.p.no-vmsub.zxpt.k-.64,1 - 1 - 2022,52.657444,1.2288104003466116,1.0,4.47213595499958,0.06109764,0.047,0.075,0.2264974,0.2,0.25,0.2053739,0.15,0.25,0.3410747,0.02061174,0.01253936,0.008152006481459457,0.017212007634094282,True,0.1,0.85,10.0,10000.0,0.938,0.494
hermes.p.no-vmsub.zxpt.k-.65,1 - 1 - 2022,52.657444,1.2288104003466116,1.0,4.47213595499958,0.06109764,0.047,0.075,0.2254588,0.2,0.25,0.3010689,0.25,0.35,0.3666311,0.02188932,0.01143946,0.008762828505030159,0.017212007634094285,True,0.1,0.85,10.0,10000.0,0.938,0.494
hermes.p.no-vmsub.zxpt.k-.66,1 - 1 - 2022,52.657444,1.2288104003466116,1.0,4.47213595499958,0.06109764,0.047,0.075,0.2261709,0.2,0.25,0.4043359,0.35,0.45,0.2993324,0.0177721,0.01020486,0.0071543262074578225,0.017212007634094275,True,0.1,0.85,10.0,10000.0,0.938,0.494
hermes.p.no-vmsub.zxpt.k-.67,1 - 1 - 2022,52.657444,1.2288104003466116,1.0,4.47213595499958,0.06109764,0.047,0.075,0.2291982,0.2,0.25,0.5299862,0.45,0.6,0.2244664,0.01303854,0.007906356,0.005364958314615159,0.011474671756062857,True,0.1,0.85,10.0,10000.0,0.938,0.494
hermes.p.no-vmsub.zxpt.k-.68,1 - 1 - 2022,52.657444,1.2288104003466116,1.0,4.47213595499958,0.06109764,0.047,0.075,0.2338568,0.2,0.25,0.7072354,0.6,0.8,0.1209528,0.01042288,0.003142628,0.002890885807568457,0.008606003817047138,True,0.1,0.85,10.0,10000.0,0.938,0.494
hermes.p.no-vmsub.zxpt.k-.69,1 - 1 - 2022,52.657444,1.2288104003466116,1.0,4.47213595499958,0.06109764,0.047,0.075,0.2434709,0.2,0.25,1.001668,0.8,1.2,0.03175648,0.007675404,0.0007172793,0.0007590097734846283,0.004303001908523571,True,0.1,0.85,10.0,10000.0,0.938,0.494
hermes.p.no-vmsub.zxpt.k-.70,1 - 1 - 2022,52.657444,1.2288104003466116,1.0,4.47213595499958,0.06109764,0.047,0.075,0.2742173,0.25,0.3,0.1007008,0.0,0.15,0.1475866,0.01019163,0.004426385,0.003527458705604855,0.011474671756062853,True,0.1,0.85,10.0,10000.0,0.938,0.494
hermes.p.no-vmsub.zxpt.k-.71,1 - 1 - 2022,52.657444,1.2288104003466116,1.0,4.47213595499958,0.06109764,0.047,0.075,0.2774191,0.25,0.3,0.2063821,0.15,0.25,0.2360717,0.01669145,0.008528065,0.00564233591201327,0.017212007634094282,True,0.1,0.85,10.0,10000.0,0.938,0.494
hermes.p.no-vmsub.zxpt.k-.72,1 - 1 - 2022,52.657444,1.2288104003466116,1.0,4.47213595499958,0.06109764,0.047,0.075,0.274366,0.25,0.3,0.2993615,0.25,0.35,0.2896761,0.0181766,0.009198325,0.006923531545212522,0.017212007634094285,True,0.1,0.85,10.0,10000.0,0.938,0.494
hermes.p.no-vmsub.zxpt.k-.73,1 - 1 - 2022,52.657444,1.2288104003466116,1.0,4.47213595499958,0.06109764,0.047,0.075,0.2744387,0.25,0.3,0.3994266,0.35,0.45,0.1958567,0.01456498,0.005280819,0.004681159546097264,0.017212007634094275,True,0.1,0.85,10.0,10000.0,0.938,0.494
hermes.p.no-vmsub.zxpt.k-.74,1 - 1 - 2022,52.657444,1.2288104003466116,1.0,4.47213595499958,0.06109764,0.047,0.075,0.2749392,0.25,0.3,0.5221433,0.45,0.6,0.173955,0.01010093,0.004196784,0.004157688293744096,0.011474671756062857,True,0.1,0.85,10.0,10000.0,0.938,0.494
hermes.p.no-vmsub.zxpt.k-.75,1 - 1 - 2022,52.657444,1.2288104003466116,1.0,4.47213595499958,0.06109764,0.047,0.075,0.2805943,0.25,0.3,0.7038528,0.6,0.8,0.1099723,0.007479135,0.003061035,0.0026284415184738234,0.008606003817047138,True,0.1,0.85,10.0,10000.0,0.938,0.494
hermes.p.no-vmsub.zxpt.k-.76,1 - 1 - 2022,52.657444,1.2288104003466116,1.0,4.47213595499958,0.06109764,0.047,0.075,0.2775784,0.25,0.3,0.9291415,0.8,1.2,0.02145527,0.003376224,0.0005169654,0.0005128011550005398,0.004303001908523571,True,0.1,0.85,10.0,10000.0,0.938,0.494
hermes.p.no-vmsub.zxpt.k-.77,1 - 1 - 2022,52.657444,1.2288104003466116,1.0,4.47213595499958,0.06109764,0.047,0.075,0.337545,0.3,0.375,0.1003185,0.0,0.15,0.07966329,0.005646309,0.00210877,0.0019040276409079426,0.007649781170708567,True,0.1,0.85,10.0,10000.0,0.938,0.494
hermes.p.no-vmsub.zxpt.k-.78,1 - 1 - 2022,52.657444,1.2288104003466116,1.0,4.47213595499958,0.06109764,0.047,0.075,0.3357696,0.3,0.375,0.2000436,0.15,0.25,0.1521854,0.009533454,0.005186586,0.0036373743557745557,0.01147467175606285,True,0.1,0.85,10.0,10000.0,0.938,0.494
hermes.p.no-vmsub.zxpt.k-.79,1 - 1 - 2022,52.657444,1.2288104003466116,1.0,4.47213595499958,0.06109764,0.047,0.075,0.3347278,0.3,0.375,0.3010026,0.25,0.35,0.1989028,0.01114005,0.005252885,0.00475396420426503,0.011474671756062852,True,0.1,0.85,10.0,10000.0,0.938,0.494
hermes.p.no-vmsub.zxpt.k-.80,1 - 1 - 2022,52.657444,1.2288104003466116,1.0,4.47213595499958,0.06109764,0.047,0.075,0.3348516,0.3,0.375,0.3984915,0.35,0.45,0.188529,0.01135518,0.00479242,0.00450602061643115,0.011474671756062845,True,0.1,0.85,10.0,10000.0,0.938,0.494
hermes.p.no-vmsub.zxpt.k-.81,1 - 1 - 2022,52.657444,1.2288104003466116,1.0,4.47213595499958,0.06109764,0.047,0.075,0.3359282,0.3,0.375,0.521581,0.45,0.6,0.1361467,0.007198021,0.00357968,0.0032540343239452125,0.007649781170708567,True,0.1,0.85,10.0,10000.0,0.938,0.494
hermes.p.no-vmsub.zxpt.k-.82,1 - 1 - 2022,52.657444,1.2288104003466116,1.0,4.47213595499958,0.06109764,0.047,0.075,0.3396904,0.3,0.375,0.6927139,0.6,0.8,0.07612387,0.004631221,0.002083519,0.0018194321702365405,0.005737335878031422,True,0.1,0.85,10.0,10000.0,0.938,0.494
hermes.p.no-vmsub.zxpt.k-.83,1 - 1 - 2022,52.657444,1.2288104003466116,1.0,4.47213595499958,0.06109764,0.047,0.075,0.3415696,0.3,0.375,0.9446373,0.8,1.2,0.01804032,0.001745427,0.0004269612,0.00043118063452845563,0.002868667939015713,True,0.1,0.85,10.0,10000.0,0.938,0.494
hermes.p.no-vmsub.zxpt.k-.84,1 - 1 - 2022,52.657444,1.2288104003466116,1.0,4.47213595499958,0.06109764,0.047,0.075,0.4193486,0.375,0.475,0.1016518,0.0,0.15,0.04764059,0.003287142,0.001355788,0.0011386549587540575,0.005737335878031427,True,0.1,0.85,10.0,10000.0,0.938,0.494
hermes.p.no-vmsub.zxpt.k-.85,1 - 1 - 2022,52.657444,1.2288104003466116,1.0,4.47213595499958,0.06109764,0.047,0.075,0.4187778,0.375,0.475,0.2009678,0.15,0.25,0.09911133,0.006354339,0.00300125,0.002368854108927068,0.008606003817047141,True,0.1,0.85,10.0,10000.0,0.938,0.494
hermes.p.no-vmsub.zxpt.k-.86,1 - 1 - 2022,52.657444,1.2288104003466116,1.0,4.47213595499958,0.06109764,0.047,0.075,0.4211061,0.375,0.475,0.3004836,0.25,0.35,0.09798349,0.006718646,0.002519211,0.002341897670967732,0.008606003817047143,True,0.1,0.85,10.0,10000.0,0.938,0.494
hermes.p.no-vmsub.zxpt.k-.87,1 - 1 - 2022,52.657444,1.2288104003466116,1.0,4.47213595499958,0.06109764,0.047,0.075,0.4242029,0.375,0.475,0.4034424,0.35,0.45,0.118067,0.007501187,0.002559791,0.002821912470337066,0.008606003817047138,True,0.1,0.85,10.0,10000.0,0.938,0.494
hermes.p.no-vmsub.zxpt.k-.88,1 - 1 - 2022,52.657444,1.2288104003466116,1.0,4.47213595499958,0.06109764,0.047,0.075,0.4226999,0.375,0.475,0.5228931,0.45,0.6,0.1026927,0.005912912,0.003090817,0.0024544522240980394,0.0057373358780314285,True,0.1,0.85,10.0,10000.0,0.938,0.494
hermes.p.no-vmsub.zxpt.k-.89,1 - 1 - 2022,52.657444,1.2288104003466116,1.0,4.47213595499958,0.06109764,0.047,0.075,0.4242229,0.375,0.475,0.6863593,0.6,0.8,0.05148376,0.00326709,0.001714517,0.0012305103404324717,0.004303001908523569,True,0.1,0.85,10.0,10000.0,0.938,0.494
hermes.p.no-vmsub.zxpt.k-.90,1 - 1 - 2022,52.657444,1.2288104003466116,1.0,4.47213595499958,0.06109764,0.047,0.075,0.4236738,0.375,0.475,0.9342186,0.8,1.2,0.01196612,0.001045665,0.0003977322,0.0002860015351414855,0.0021515009542617857,True,0.1,0.85,10.0,10000.0,0.938,0.494
hermes.p.no-vmsub.zxpt.k-.91,1 - 1 - 2022,52.657444,1.2288104003466116,1.0,4.47213595499958,0.06109764,0.047,0.075,0.5265457,0.475,0.6,0.09995035,0.0,0.15,0.02493099,0.002260351,0.000634048,0.0005958741356928581,0.004589868702425141,True,0.1,0.85,10.0,10000.0,0.938,0.494
hermes.p.no-vmsub.zxpt.k-.92,1 - 1 - 2022,52.657444,1.2288104003466116,1.0,4.47213595499958,0.06109764,0.047,0.075,0.5287194,0.475,0.6,0.2016547,0.15,0.25,0.05154221,0.003848855,0.001613805,0.001231907350468224,0.006884803053637711,True,0.1,0.85,10.0,10000.0,0.938,0.494
hermes.p.no-vmsub.zxpt.k-.93,1 - 1 - 2022,52.657444,1.2288104003466116,1.0,4.47213595499958,0.06109764,0.047,0.075,0.5316111,0.475,0.6,0.2985823,0.25,0.35,0.058894,0.004208311,0.001610046,0.0014076220538171646,0.0068848030536377116,True,0.1,0.85,10.0,10000.0,0.938,0.494
hermes.p.no-vmsub.zxpt.k-.94,1 - 1 - 2022,52.657444,1.2288104003466116,1.0,4.47213595499958,0.06109764,0.047,0.075,0.5353619,0.475,0.6,0.3999102,0.35,0.45,0.06009354,0.004760016,0.001763634,0.0014362921892882793,0.006884803053637708,True,0.1,0.85,10.0,10000.0,0.938,0.494
hermes.p.no-vmsub.zxpt.k-.95,1 - 1 - 2022,52.657444,1.2288104003466116,1.0,4.47213595499958,0.06109764,0.047,0.075,0.5333962,0.475,0.6,0.5266847,0.45,0.6,0.04833009,0.003422741,0.001449069,0.0011551346579782048,0.004589868702425141,True,0.1,0.85,10.0,10000.0,0.938,0.494
hermes.p.no-vmsub.zxpt.k-.96,1 - 1 - 2022,52.657444,1.2288104003466116,1.0,4.47213595499958,0.06109764,0.047,0.075,0.5349133,0.475,0.6,0.694113,0.6,0.8,0.0335827,0.002506683,0.0009461662,0.0008026581510294034,0.003442401526818854,True,0.1,0.85,10.0,10000.0,0.938,0.494
hermes.p.no-vmsub.zxpt.k-.97,1 - 1 - 2022,52.657444,1.2288104003466116,1.0,4.47213595499958,0.06109764,0.047,0.075,0.5319129,0.475,0.6,0.936286,0.8,1.2,0.01035484,0.0008122809,0.0003051968,0.00024749042598139247,0.0017212007634094279,True,0.1,0.85,10.0,10000.0,0.938,0.494
hermes.p.no-vmsub.zxpt.k-.98,1 - 1 - 2022,52.657444,1.2288104003466116,1.0,4.47213595499958,0.06109764,0.047,0.075,0.6777912,0.6,0.8,0.1078804,0.0,0.15,0.003759918,0.0007166133,9.869237e-05,8.98655804894238e-05,0.0028686679390157116,True,0.1,0.85,10.0,10000.0,0.938,0.494
hermes.p.no-vmsub.zxpt.k-.99,1 - 1 - 2022,52.657444,1.2288104003466116,1.0,4.47213595499958,0.06109764,0.047,0.075,0.6762935,0.6,0.8,0.2089239,0.15,0.25,0.01177954,0.001623869,0.0003556248,0.0002815420974602072,0.004303001908523568,True,0.1,0.85,10.0,10000.0,0.938,0.494
hermes.p.no-vmsub.zxpt.k-.100,1 - 1 - 2022,52.657444,1.2288104003466116,1.0,4.47213595499958,0.06109764,0.047,0.075,0.6738632,0.6,0.8,0.302847,0.25,0.35,0.01686605,0.00179455,0.0005309332,0.000403114475851241,0.004303001908523569,True,0.1,0.85,10.0,10000.0,0.938,0.494
hermes.p.no-vmsub.zxpt.k-.101,1 - 1 - 2022,52.657444,1.2288104003466116,1.0,4.47213595499958,0.06109764,0.047,0.075,0.6816761,0.6,0.8,0.4077247,0.35,0.45,0.02273831,0.002321733,0.0007426959,0.0005434670190941585,0.004303001908523566,True,0.1,0.85,10.0,10000.0,0.938,0.494
hermes.p.no-vmsub.zxpt.k-.102,1 - 1 - 2022,52.657444,1.2288104003466116,1.0,4.47213595499958,0.06109764,0.047,0.075,0.677018,0.6,0.8,0.5236745,0.45,0.6,0.02045981,0.001734503,0.000622879,0.0004890087236884735,0.0028686679390157125,True,0.1,0.85,10.0,10000.0,0.938,0.494
hermes.p.no-vmsub.zxpt.k-.103,1 - 1 - 2022,52.657444,1.2288104003466116,1.0,4.47213595499958,0.06109764,0.047,0.075,0.6740022,0.6,0.8,0.6951388,0.6,0.8,0.01386827,0.001242855,0.0003750597,0.00033146471118095165,0.002151500954261783,True,0.1,0.85,10.0,10000.0,0.938,0.494
hermes.p.no-vmsub.zxpt.k-.104,1 - 1 - 2022,52.657444,1.2288104003466116,1.0,4.47213595499958,0.06109764,0.047,0.075,0.6967789,0.6,0.8,0.9535198,0.8,1.2,0.005003716,0.0005021458,0.0001566661,0.00011959352383329043,0.0010757504771308922,True,0.1,0.85,10.0,10000.0,0.938,0.494
hermes.p.no-vmsub.zxpt.k-.105,1 - 1 - 2022,52.657444,1.2288104003466116,1.0,4.47213595499958,0.06109764,0.047,0.075,0.869806,0.8,1.1,0.09936973,0.0,0.15,0.001030952,0.0003143762,4.942888e-05,2.4640723530867545e-05,0.0019124452926771417,True,0.1,0.85,10.0,10000.0,0.938,0.494
hermes.p.no-vmsub.zxpt.k-.106,1 - 1 - 2022,52.657444,1.2288104003466116,1.0,4.47213595499958,0.06109764,0.047,0.075,0.8571986,0.8,1.1,0.1966608,0.15,0.25,0.0009712715,0.0004459106,3.351197e-05,2.3214303386492308e-05,0.0028686679390157125,True,0.1,0.85,10.0,10000.0,0.938,0.494
hermes.p.no-vmsub.zxpt.k-.107,1 - 1 - 2022,52.657444,1.2288104003466116,1.0,4.47213595499958,0.06109764,0.047,0.075,0.8428946,0.8,1.1,0.3075721,0.25,0.35,0.001615498,0.0006355441,6.72722e-05,3.861192333170648e-05,0.002868667939015713,True,0.1,0.85,10.0,10000.0,0.938,0.494
hermes.p.no-vmsub.zxpt.k-.108,1 - 1 - 2022,52.657444,1.2255757830505627,1.0,4.47213595499958,0.06112206,0.047,0.075,0.8297156,0.8,1.1,0.4068963,0.35,0.45,0.002815347,0.002856753,0.000117236,6.728944419377173e-05,0.002868667939015711,True,0.1,0.85,10.0,10000.0,0.938,0.494
hermes.p.no-vmsub.zxpt.k-.109,1 - 1 - 2022,52.657444,1.2292367550638892,1.0,4.47213595499958,0.06109442,0.047,0.075,0.8480845,0.8,1.1,0.5142663,0.45,0.6,0.002503964,0.0005890631,0.0001828614,5.984709729962717e-05,0.0019124452926771417,True,0.1,0.85,10.0,10000.0,0.938,0.494
hermes.p.no-vmsub.zxpt.k-.110,1 - 1 - 2022,52.657444,1.2295519509154544,1.0,4.47213595499958,0.06108317,0.047,0.075,0.8460156,0.8,1.1,0.6972378,0.6,0.8,0.0004351181,0.0004459686,3.585244e-05,1.0399732291490174e-05,0.0014343339695078556,True,0.1,0.85,10.0,10000.0,0.938,0.494
hermes.p.no-vmsub.zxpt.k-.111,1 - 1 - 2022,52.657444,1.2288104003466116,1.0,4.47213595499958,0.06109764,0.047,0.075,0.8403131,0.8,1.1,0.9651941,0.8,1.2,0.0004244886,0.0001404143,3.055693e-05,1.0145677232892531e-05,0.0007171669847539282,True,0.1,0.85,10.0,10000.0,0.938,0.494
hermes.p.no-vmsub.zxpt.k-.112,1 - 1 - 2022,52.657444,1.3493231636639162,1.0,4.47213595499958,0.09573812,0.075,0.12,0.1451718,0.1,0.2,0.1025363,0.0,0.15,0.2299419,0.01482226,0.01172701,0.003564611503019689,0.003921256161345701,True,0.1,0.85,10.0,10000.0,0.938,0.494
hermes.p.no-vmsub.zxpt.k-.113,1 - 1 - 2022,52.657444,1.3493231636639162,1.0,4.47213595499958,0.09573812,0.075,0.12,0.1454555,0.1,0.2,0.2044732,0.15,0.25,0.455247,0.02413465,0.02250186,0.007057342280442165,0.0058818842420185515,True,0.1,0.85,10.0,10000.0,0.938,0.494
hermes.p.no-vmsub.zxpt.k-.114,1 - 1 - 2022,52.657444,1.3493231636639162,1.0,4.47213595499958,0.09573812,0.075,0.12,0.1451145,0.1,0.2,0.307834,0.25,0.35,0.5789757,0.02845781,0.02484632,0.008975412659410383,0.005881884242018552,True,0.1,0.85,10.0,10000.0,0.938,0.494
hermes.p.no-vmsub.zxpt.k-.115,1 - 1 - 2022,52.657444,1.3493231636639162,1.0,4.47213595499958,0.09573812,0.075,0.12,0.1430119,0.1,0.2,0.4045263,0.35,0.45,0.5273904,0.03010506,0.02202368,0.008175725635137202,0.005881884242018549,True,0.1,0.85,10.0,10000.0,0.938,0.494
hermes.p.no-vmsub.zxpt.k-.116,1 - 1 - 2022,52.657444,1.3493231636639162,1.0,4.47213595499958,0.09573812,0.075,0.12,0.1491362,0.1,0.2,0.5332243,0.45,0.6,0.3515707,0.02590911,0.01486945,0.005450128755762582,0.003921256161345701,True,0.1,0.85,10.0,10000.0,0.938,0.494
hermes.p.no-vmsub.zxpt.k-.117,1 - 1 - 2022,52.657444,1.3503373652535873,1.0,4.47213595499958,0.09574256,0.075,0.12,0.1584577,0.1,0.2,0.716123,0.6,0.8,0.1368752,0.02341188,0.004342977,0.0021218704046462194,0.0029409421210092744,True,0.1,0.85,10.0,10000.0,0.938,0.494
hermes.p.no-vmsub.zxpt.k-.118,1 - 1 - 2022,52.657444,1.3503373652535873,1.0,4.47213595499958,0.09574256,0.075,0.12,0.1665824,0.1,0.2,0.8643343,0.8,1.2,0.02300861,0.015606,0.0006437463,0.00035668469241357853,0.001470471060504638,True,0.1,0.85,10.0,10000.0,0.938,0.494
hermes.p.no-vmsub.zxpt.k-.119,1 - 1 - 2022,52.657444,1.3493231636639162,1.0,4.47213595499958,0.09573812,0.075,0.12,0.2242067,0.2,0.25,0.1019529,0.0,0.15,0.1413993,0.009192951,0.006013343,0.0021920040292740554,0.007842512322691404,True,0.1,0.85,10.0,10000.0,0.938,0.494
hermes.p.no-vmsub.zxpt.k-.120,1 - 1 - 2022,52.657444,1.3493231636639162,1.0,4.47213595499958,0.09573812,0.075,0.12,0.2244728,0.2,0.25,0.2016218,0.15,0.25,0.2587041,0.01782465,0.01131137,0.004010489652987802,0.011763768484037106,True,0.1,0.85,10.0,10000.0,0.938,0.494
hermes.p.no-vmsub.zxpt.k-.121,1 - 1 - 2022,52.657444,1.3493231636639162,1.0,4.47213595499958,0.09573812,0.075,0.12,0.2249573,0.2,0.25,0.299269,0.25,0.35,0.2707859,0.01871915,0.01033035,0.00419778445770666,0.011763768484037108,True,0.1,0.85,10.0,10000.0,0.938,0.494
hermes.p.no-vmsub.zxpt.k-.122,1 - 1 - 2022,52.657444,1.3493231636639162,1.0,4.47213595499958,0.09573812,0.075,0.12,0.2252307,0.2,0.25,0.4018241,0.35,0.45,0.2790769,0.0190655,0.009937067,0.004326313420768791,0.011763768484037101,True,0.1,0.85,10.0,10000.0,0.938,0.494
hermes.p.no-vmsub.zxpt.k-.123,1 - 1 - 2022,52.657444,1.3493231636639162,1.0,4.47213595499958,0.09573812,0.075,0.12,0.2261178,0.2,0.25,0.5252929,0.45,0.6,0.1919023,0.01311382,0.006165875,0.002974912993395006,0.007842512322691406,True,0.1,0.85,10.0,10000.0,0.938,0.494
hermes.p.no-vmsub.zxpt.k-.124,1 - 1 - 2022,52.657444,1.3493231636639162,1.0,4.47213595499958,0.09573812,0.075,0.12,0.2250983,0.2,0.25,0.6931523,0.6,0.8,0.1059109,0.01069529,0.01005034,0.0016418548008656445,0.005881884242018551,True,0.1,0.85,10.0,10000.0,0.938,0.494
hermes.p.no-vmsub.zxpt.k-.125,1 - 1 - 2022,52.657444,1.3493231636639162,1.0,4.47213595499958,0.09573812,0.075,0.12,0.2479754,0.2,0.25,0.9800759,0.8,1.2,0.0109514,0.004833679,0.001035103,0.00016977108745369946,0.002940942121009277,True,0.1,0.85,10.0,10000.0,0.938,0.494
hermes.p.no-vmsub.zxpt.k-.126,1 - 1 - 2022,52.657444,1.3493231636639162,1.0,4.47213595499958,0.09573812,0.075,0.12,0.2744976,0.25,0.3,0.09990658,0.0,0.15,0.09457559,0.006911816,0.009299788,0.001466132253490442,0.007842512322691404,True,0.1,0.85,10.0,10000.0,0.938,0.494
hermes.p.no-vmsub.zxpt.k-.127,1 - 1 - 2022,52.657444,1.3493231636639162,1.0,4.47213595499958,0.09573812,0.075,0.12,0.2732812,0.25,0.3,0.2026001,0.15,0.25,0.1931854,0.01328634,0.01865742,0.0029948039007047424,0.011763768484037106,True,0.1,0.85,10.0,10000.0,0.938,0.494
hermes.p.no-vmsub.zxpt.k-.128,1 - 1 - 2022,52.657444,1.3493231636639162,1.0,4.47213595499958,0.09573812,0.075,0.12,0.2742311,0.25,0.3,0.2999881,0.25,0.35,0.2431768,0.01652811,0.0234373,0.003769781925553882,0.011763768484037108,True,0.1,0.85,10.0,10000.0,0.938,0.494
hermes.p.no-vmsub.zxpt.k-.129,1 - 1 - 2022,52.657444,1.3493231636639162,1.0,4.47213595499958,0.09573812,0.075,0.12,0.2768923,0.25,0.3,0.4002933,0.35,0.45,0.1993941,0.01544156,0.01923234,0.003091052576734636,0.011763768484037101,True,0.1,0.85,10.0,10000.0,0.938,0.494
hermes.p.no-vmsub.zxpt.k-.130,1 - 1 - 2022,52.657444,1.3493231636639162,1.0,4.47213595499958,0.09573812,0.075,0.12,0.273264,0.25,0.3,0.5243805,0.45,0.6,0.1304573,0.009437573,0.01250739,0.002022378662753028,0.007842512322691406,True,0.1,0.85,10.0,10000.0,0.938,0.494
hermes.p.no-vmsub.zxpt.k-.131,1 - 1 - 2022,52.657444,1.3493231636639162,1.0,4.47213595499958,0.09573812,0.075,0.12,0.2800584,0.25,0.3,0.6989094,0.6,0.8,0.05946342,0.006520955,0.002830341,0.0009218154279010959,0.005881884242018551,True,0.1,0.85,10.0,10000.0,0.938,0.494
hermes.p.no-vmsub.zxpt.k-.132,1 - 1 - 2022,52.657444,1.3493231636639162,1.0,4.47213595499958,0.09573812,0.075,0.12,0.2742844,0.25,0.3,0.9313301,0.8,1.2,0.02430385,0.003823217,0.001138102,0.0003767637967576377,0.002940942121009277,True,0.1,0.85,10.0,10000.0,0.938,0.494
hermes.p.no-vmsub.zxpt.k-.133,1 - 1 - 2022,52.657444,1.3493231636639162,1.0,4.47213595499958,0.09573812,0.075,0.12,0.3357337,0.3,0.375,0.1007489,0.0,0.15,0.06954706,0.004372152,0.003217594,0.0010781343029574013,0.005228341548460934,True,0.1,0.85,10.0,10000.0,0.938,0.494
hermes.p.no-vmsub.zxpt.k-.134,1 - 1 - 2022,52.657444,1.3493231636639162,1.0,4.47213595499958,0.09573812,0.075,0.12,0.3342927,0.3,0.375,0.2014334,0.15,0.25,0.1309435,0.007708556,0.006522744,0.0020299158454620864,0.0078425123226914,True,0.1,0.85,10.0,10000.0,0.938,0.494
hermes.p.no-vmsub.zxpt.k-.135,1 - 1 - 2022,52.657444,1.3493231636639162,1.0,4.47213595499958,0.09573812,0.075,0.12,0.3339908,0.3,0.375,0.2980694,0.25,0.35,0.1363163,0.008725655,0.006521333,0.0021132062100429837,0.007842512322691403,True,0.1,0.85,10.0,10000.0,0.938,0.494
hermes.p.no-vmsub.zxpt.k-.136,1 - 1 - 2022,52.657444,1.3493231636639162,1.0,4.47213595499958,0.09573812,0.075,0.12,0.3347228,0.3,0.375,0.3981788,0.35,0.45,0.137518,0.009762253,0.006626823,0.0021318352360846873,0.007842512322691397,True,0.1,0.85,10.0,10000.0,0.938,0.494
hermes.p.no-vmsub.zxpt.k-.137,1 - 1 - 2022,52.657444,1.3493231636639162,1.0,4.47213595499958,0.09573812,0.075,0.12,0.3375208,0.3,0.375,0.5242768,0.45,0.6,0.1013809,0.006572279,0.004882651,0.0015716297130992166,0.005228341548460934,True,0.1,0.85,10.0,10000.0,0.938,0.494
hermes.p.no-vmsub.zxpt.k-.138,1 - 1 - 2022,52.657444,1.3493231636639162,1.0,4.47213595499958,0.09573812,0.075,0.12,0.3350132,0.3,0.375,0.6826733,0.6,0.8,0.05105066,0.003831315,0.002502194,0.0007913989136940553,0.003921256161345699,True,0.1,0.85,10.0,10000.0,0.938,0.494
hermes.p.no-vmsub.zxpt.k-.139,1 - 1 - 2022,52.657444,1.3493231636639162,1.0,4.47213595499958,0.09573812,0.075,0.12,0.3391208,0.3,0.375,0.9468435,0.8,1.2,0.01608491,0.001769951,0.0007204818,0.0002493519241644799,0.0019606280806728506,True,0.1,0.85,10.0,10000.0,0.938,0.494
hermes.p.no-vmsub.zxpt.k-.140,1 - 1 - 2022,52.657444,1.3493231636639162,1.0,4.47213595499958,0.09573812,0.075,0.12,0.4212897,0.375,0.475,0.1012014,0.0,0.15,0.04094041,0.002695289,0.001782907,0.0006346675243804731,0.003921256161345702,True,0.1,0.85,10.0,10000.0,0.938,0.494
hermes.p.no-vmsub.zxpt.k-.141,1 - 1 - 2022,52.657444,1.3493231636639162,1.0,4.47213595499958,0.09573812,0.075,0.12,0.4227198,0.375,0.475,0.1993473,0.15,0.25,0.07233339,0.004649295,0.00324312,0.0011213286227799689,0.005881884242018553,True,0.1,0.85,10.0,10000.0,0.938,0.494
hermes.p.no-vmsub.zxpt.k-.142,1 - 1 - 2022,52.657444,1.3493231636639162,1.0,4.47213595499958,0.09573812,0.075,0.12,0.4206506,0.375,0.475,0.3008189,0.25,0.35,0.07572508,0.00522762,0.00338142,0.0011739073706666168,0.005881884242018554,True,0.1,0.85,10.0,10000.0,0.938,0.494
hermes.p.no-vmsub.zxpt.k-.143,1 - 1 - 2022,52.657444,1.3493231636639162,1.0,4.47213595499958,0.09573812,0.075,0.12,0.4223019,0.375,0.475,0.4001168,0.35,0.45,0.07563027,0.006090013,0.003517347,0.0011724376045361235,0.005881884242018551,True,0.1,0.85,10.0,10000.0,0.938,0.494
hermes.p.no-vmsub.zxpt.k-.144,1 - 1 - 2022,52.657444,1.3493231636639162,1.0,4.47213595499958,0.09573812,0.075,0.12,0.424274,0.375,0.475,0.5257891,0.45,0.6,0.07212295,0.004958485,0.00306638,0.0011180663341553404,0.003921256161345703,True,0.1,0.85,10.0,10000.0,0.938,0.494
hermes.p.no-vmsub.zxpt.k-.145,1 - 1 - 2022,52.657444,1.3493231636639162,1.0,4.47213595499958,0.09573812,0.075,0.12,0.4174333,0.375,0.475,0.6838923,0.6,0.8,0.04360462,0.00302998,0.002068658,0.0006759687122564542,0.0029409421210092753,True,0.1,0.85,10.0,10000.0,0.938,0.494
hermes.p.no-vmsub.zxpt.k-.146,1 - 1 - 2022,52.657444,1.3493231636639162,1.0,4.47213595499958,0.09573812,0.075,0.12,0.4299427,0.375,0.475,0.9473325,0.8,1.2,0.01060522,0.001060084,0.0004808243,0.00016440452655237895,0.0014704710605046385,True,0.1,0.85,10.0,10000.0,0.938,0.494
hermes.p.no-vmsub.zxpt.k-.147,1 - 1 - 2022,52.657444,1.3493231636639162,1.0,4.47213595499958,0.09573812,0.075,0.12,0.5312379,0.475,0.6,0.1013388,0.0,0.15,0.02409211,0.002008903,0.001070517,0.00037348135523806525,0.003137004929076561,True,0.1,0.85,10.0,10000.0,0.938,0.494
hermes.p.no-vmsub.zxpt.k-.148,1 - 1 - 2022,52.657444,1.3493231636639162,1.0,4.47213595499958,0.09573812,0.075,0.12,0.532365,0.475,0.6,0.2061018,0.15,0.25,0.04710874,0.003341075,0.002164758,0.0007302903755112215,0.004705507393614841,True,0.1,0.85,10.0,10000.0,0.938,0.494
hermes.p.no-vmsub.zxpt.k-.149,1 - 1 - 2022,52.657444,1.3493231636639162,1.0,4.47213595499958,0.09573812,0.075,0.12,0.531074,0.475,0.6,0.3025776,0.25,0.35,0.04853943,0.003671704,0.002240647,0.0007524692564861774,0.0047055073936148415,True,0.1,0.85,10.0,10000.0,0.938,0.494
hermes.p.no-vmsub.zxpt.k-.150,1 - 1 - 2022,52.657444,1.3493231636639162,1.0,4.47213595499958,0.09573812,0.075,0.12,0.5337851,0.475,0.6,0.4032605,0.35,0.45,0.0458356,0.00389791,0.002281128,0.0007105538703812103,0.004705507393614839,True,0.1,0.85,10.0,10000.0,0.938,0.494
hermes.p.no-vmsub.zxpt.k-.151,1 - 1 - 2022,52.657444,1.3493231636639162,1.0,4.47213595499958,0.09573812,0.075,0.12,0.5306102,0.475,0.6,0.5228546,0.45,0.6,0.04341572,0.003216826,0.002180182,0.000673040341598821,0.003137004929076561,True,0.1,0.85,10.0,10000.0,0.938,0.494
hermes.p.no-vmsub.zxpt.k-.152,1 - 1 - 2022,52.657444,1.3493231636639162,1.0,4.47213595499958,0.09573812,0.075,0.12,0.5340441,0.475,0.6,0.6945629,0.6,0.8,0.02282543,0.002122344,0.001085626,0.00035384499449369906,0.0023527536968074195,True,0.1,0.85,10.0,10000.0,0.938,0.494
hermes.p.no-vmsub.zxpt.k-.153,1 - 1 - 2022,52.657444,1.3493231636639162,1.0,4.47213595499958,0.09573812,0.075,0.12,0.535322,0.475,0.6,0.9354354,0.8,1.2,0.007176014,0.0006644997,0.0003111513,0.00011124419712210052,0.0011763768484037104,True,0.1,0.85,10.0,10000.0,0.938,0.494
hermes.p.no-vmsub.zxpt.k-.154,1 - 1 - 2022,52.657444,1.3493231636639162,1.0,4.47213595499958,0.09573812,0.075,0.12,0.6755357,0.6,0.8,0.09954655,0.0,0.15,0.004826623,0.0007467701,0.0002060097,7.482340481025598e-05,0.0019606280806728498,True,0.1,0.85,10.0,10000.0,0.938,0.494
hermes.p.no-vmsub.zxpt.k-.155,1 - 1 - 2022,52.657444,1.3493231636639162,1.0,4.47213595499958,0.09573812,0.075,0.12,0.6719903,0.6,0.8,0.1984368,0.15,0.25,0.01369898,0.001513082,0.0006087254,0.00021236469598466678,0.002940942121009275,True,0.1,0.85,10.0,10000.0,0.938,0.494
hermes.p.no-vmsub.zxpt.k-.156,1 - 1 - 2022,52.657444,1.3493231636639162,1.0,4.47213595499958,0.09573812,0.075,0.12,0.6809699,0.6,0.8,0.30067,0.25,0.35,0.01721529,0.001880393,0.0007883223,0.0002668753313851013,0.0029409421210092753,True,0.1,0.85,10.0,10000.0,0.938,0.494
hermes.p.no-vmsub.zxpt.k-.157,1 - 1 - 2022,52.657444,1.3493231636639162,1.0,4.47213595499958,0.09573812,0.075,0.12,0.6781488,0.6,0.8,0.4021186,0.35,0.45,0.0153659,0.001797371,0.0007079344,0.00023820566801548666,0.0029409421210092736,True,0.1,0.85,10.0,10000.0,0.938,0.494
hermes.p.no-vmsub.zxpt.k-.158,1 - 1 - 2022,52.657444,1.3493231636639162,1.0,4.47213595499958,0.09573812,0.075,0.12,0.6685182,0.6,0.8,0.5208586,0.45,0.6,0.01580593,0.001498795,0.0007335216,0.00024502711290949576,0.00196062808067285,True,0.1,0.85,10.0,10000.0,0.938,0.494
hermes.p.no-vmsub.zxpt.k-.159,1 - 1 - 2022,52.657444,1.3493231636639162,1.0,4.47213595499958,0.09573812,0.075,0.12,0.6812972,0.6,0.8,0.6952959,0.6,0.8,0.01172704,0.001272703,0.0005199015,0.00018179523471090745,0.0014704710605046368,True,0.1,0.85,10.0,10000.0,0.938,0.494
hermes.p.no-vmsub.zxpt.k-.160,1 - 1 - 2022,52.657444,1.3493231636639162,1.0,4.47213595499958,0.09573812,0.075,0.12,0.6929391,0.6,0.8,0.9282557,0.8,1.2,0.003382463,0.0004058898,0.0001507624,5.243570883922628e-05,0.0007352355302523188,True,0.1,0.85,10.0,10000.0,0.938,0.494
hermes.p.no-vmsub.zxpt.k-.161,1 - 1 - 2022,52.657444,1.3493231636639162,1.0,4.47213595499958,0.09573812,0.075,0.12,0.8582691,0.8,1.1,0.07445718,0.0,0.15,0.0003175154,0.0002438934,2.666135e-05,4.922195768695909e-06,0.0013070853871152335,True,0.1,0.85,10.0,10000.0,0.938,0.494
hermes.p.no-vmsub.zxpt.k-.162,1 - 1 - 2022,52.657444,1.3503373652535873,1.0,4.47213595499958,0.09574256,0.075,0.12,0.8494198,0.8,1.1,0.2045979,0.15,0.25,0.000105441,0.0003513696,1.349627e-05,1.6345703044547295e-06,0.00196062808067285,True,0.1,0.85,10.0,10000.0,0.938,0.494
hermes.p.no-vmsub.zxpt.k-.163,1 - 1 - 2022,52.657444,1.3493231636639162,1.0,4.47213595499958,0.09573812,0.075,0.12,0.8565529,0.8,1.1,0.2926798,0.25,0.35,0.001045691,0.0005000048,5.628013e-05,1.6210539128380525e-05,0.0019606280806728506,True,0.1,0.85,10.0,10000.0,0.938,0.494
hermes.p.no-vmsub.zxpt.k-.164,1 - 1 - 2022,52.657444,1.3493231636639162,1.0,4.47213595499958,0.09573812,0.075,0.12,0.8376576,0.8,1.1,0.3918797,0.35,0.45,0.0008497418,0.0004424932,4.257671e-05,1.317289017302482e-05,0.0019606280806728493,True,0.1,0.85,10.0,10000.0,0.938,0.494
hermes.p.no-vmsub.zxpt.k-.165,1 - 1 - 2022,52.657444,1.3493231636639162,1.0,4.47213595499958,0.09573812,0.075,0.12,0.837507,0.8,1.1,0.5387003,0.45,0.6,0.0007668732,0.0003266614,3.960321e-05,1.1888242334596341e-05,0.0013070853871152335,True,0.1,0.85,10.0,10000.0,0.938,0.494
hermes.p.no-vmsub.zxpt.k-.166,1 - 1 - 2022,52.657444,1.3493231636639162,1.0,4.47213595499958,0.09573812,0.075,0.12,0.8413649,0.8,1.1,0.6492202,0.6,0.8,0.0006342811,0.0003027725,0.0001247632,9.832769517899876e-06,0.0009803140403364247,True,0.1,0.85,10.0,10000.0,0.938,0.494
hermes.p.no-vmsub.zxpt.k-.167,1 - 1 - 2022,52.657444,1.3416135807303085,1.0,4.47213595499958,0.09570443,0.075,0.12,0.8256312,0.8,1.1,1.061229,0.8,1.2,2.961338e-05,0.0002353009,5.824956e-06,4.590733354438368e-07,0.0004901570201682127,True,0.1,0.85,10.0,10000.0,0.938,0.494
hermes.p.no-vmsub.zxpt.k-.168,1 - 1 - 2022,52.657444,1.6957122397388067,1.0,4.47213595499958,0.1522067,0.12,0.2,0.1425549,0.1,0.2,0.1008892,0.0,0.15,0.237319,0.01826009,0.01443496,0.0025362338313695146,0.004600897495496089,True,0.1,0.85,10.0,10000.0,0.938,0.494
hermes.p.no-vmsub.zxpt.k-.169,1 - 1 - 2022,52.657444,1.6957122397388067,1.0,4.47213595499958,0.1522067,0.12,0.2,0.1441586,0.1,0.2,0.2073351,0.15,0.25,0.38404,0.03236994,0.02505522,0.004104244668986252,0.006901346243244132,True,0.1,0.85,10.0,10000.0,0.938,0.494
hermes.p.no-vmsub.zxpt.k-.170,1 - 1 - 2022,52.657444,1.6957122397388067,1.0,4.47213595499958,0.1522067,0.12,0.2,0.1430351,0.1,0.2,0.2996036,0.25,0.35,0.514868,0.04102808,0.03072926,0.005502406635328647,0.006901346243244133,True,0.1,0.85,10.0,10000.0,0.938,0.494
hermes.p.no-vmsub.zxpt.k-.171,1 - 1 - 2022,52.657444,1.6957122397388067,1.0,4.47213595499958,0.1522067,0.12,0.2,0.1429807,0.1,0.2,0.3953379,0.35,0.45,0.5136442,0.04170763,0.03056811,0.005489327855446589,0.00690134624324413,True,0.1,0.85,10.0,10000.0,0.938,0.494
hermes.p.no-vmsub.zxpt.k-.172,1 - 1 - 2022,52.657444,1.6957122397388067,1.0,4.47213595499958,0.1522067,0.12,0.2,0.1463551,0.1,0.2,0.5190304,0.45,0.6,0.3600747,0.03567992,0.02069664,0.0038481269344647017,0.004600897495496089,True,0.1,0.85,10.0,10000.0,0.938,0.494
hermes.p.no-vmsub.zxpt.k-.173,1 - 1 - 2022,52.657444,1.6957122397388067,1.0,4.47213595499958,0.1522067,0.12,0.2,0.1722199,0.1,0.2,0.7700036,0.6,0.8,0.1105719,0.02881471,0.005989637,0.0011816845409714637,0.003450673121622065,True,0.1,0.85,10.0,10000.0,0.938,0.494
hermes.p.no-vmsub.zxpt.k-.174,1 - 1 - 2022,52.657444,1.6962735628429748,1.0,4.47213595499958,0.1522273,0.12,0.2,0.160495,0.1,0.2,0.8445152,0.8,1.2,0.04704764,0.02704076,0.002303467,0.0005027992543963763,0.0017253365608110333,True,0.1,0.85,10.0,10000.0,0.938,0.494
hermes.p.no-vmsub.zxpt.k-.175,1 - 1 - 2022,52.657444,1.6957122397388067,1.0,4.47213595499958,0.1522067,0.12,0.2,0.2238266,0.2,0.25,0.09747566,0.0,0.15,0.1189946,0.01061245,0.00638567,0.0012716981374027484,0.00920179499099218,True,0.1,0.85,10.0,10000.0,0.938,0.494
hermes.p.no-vmsub.zxpt.k-.176,1 - 1 - 2022,52.657444,1.6957122397388067,1.0,4.47213595499958,0.1522067,0.12,0.2,0.2241003,0.2,0.25,0.2028451,0.15,0.25,0.2679861,0.02021857,0.01380611,0.002863973862846101,0.013802692486488268,True,0.1,0.85,10.0,10000.0,0.938,0.494
hermes.p.no-vmsub.zxpt.k-.177,1 - 1 - 2022,52.657444,1.6957122397388067,1.0,4.47213595499958,0.1522067,0.12,0.2,0.2247927,0.2,0.25,0.2958541,0.25,0.35,0.2400611,0.02342399,0.01321629,0.002565538719680178,0.013802692486488272,True,0.1,0.85,10.0,10000.0,0.938,0.494
hermes.p.no-vmsub.zxpt.k-.178,1 - 1 - 2022,52.657444,1.6957122397388067,1.0,4.47213595499958,0.1522067,0.12,0.2,0.2210471,0.2,0.25,0.4026856,0.35,0.45,0.1866283,0.02274534,0.0105674,0.001994501107585061,0.013802692486488263,True,0.1,0.85,10.0,10000.0,0.938,0.494
hermes.p.no-vmsub.zxpt.k-.179,1 - 1 - 2022,52.657444,1.6957122397388067,1.0,4.47213595499958,0.1522067,0.12,0.2,0.2238442,0.2,0.25,0.5169893,0.45,0.6,0.1964977,0.01896202,0.01055151,0.002099975621531767,0.009201794990992182,True,0.1,0.85,10.0,10000.0,0.938,0.494
hermes.p.no-vmsub.zxpt.k-.180,1 - 1 - 2022,52.657444,1.6957122397388067,1.0,4.47213595499958,0.1522067,0.12,0.2,0.2237315,0.2,0.25,0.6881755,0.6,0.8,0.1115389,0.01522842,0.005608261,0.0011920188931090268,0.0069013462432441315,True,0.1,0.85,10.0,10000.0,0.938,0.494
hermes.p.no-vmsub.zxpt.k-.181,1 - 1 - 2022,52.657444,1.6937414206424781,1.0,4.47213595499958,0.1521734,0.12,0.2,0.2220674,0.2,0.25,0.9528564,0.8,1.2,0.03129873,0.01311402,0.001573725,0.0003344902763996981,0.003450673121622068,True,0.1,0.85,10.0,10000.0,0.938,0.494
hermes.p.no-vmsub.zxpt.k-.182,1 - 1 - 2022,52.657444,1.6957122397388067,1.0,4.47213595499958,0.1522067,0.12,0.2,0.2730508,0.25,0.3,0.1011666,0.0,0.15,0.1109141,0.008176902,0.005763758,0.0011853416405593377,0.00920179499099218,True,0.1,0.85,10.0,10000.0,0.938,0.494
hermes.p.no-vmsub.zxpt.k-.183,1 - 1 - 2022,52.657444,1.6957122397388067,1.0,4.47213595499958,0.1522067,0.12,0.2,0.2743416,0.25,0.3,0.2011254,0.15,0.25,0.1513232,0.01419663,0.00801718,0.0016171946591343098,0.013802692486488268,True,0.1,0.85,10.0,10000.0,0.938,0.494
hermes.p.no-vmsub.zxpt.k-.184,1 - 1 - 2022,52.657444,1.6957122397388067,1.0,4.47213595499958,0.1522067,0.12,0.2,0.2729768,0.25,0.3,0.3010132,0.25,0.35,0.2017134,0.01872868,0.01021247,0.002155715932228652,0.013802692486488272,True,0.1,0.85,10.0,10000.0,0.938,0.494
hermes.p.no-vmsub.zxpt.k-.185,1 - 1 - 2022,52.657444,1.6957122397388067,1.0,4.47213595499958,0.1522067,0.12,0.2,0.2745637,0.25,0.3,0.40106,0.35,0.45,0.1643362,0.01868887,0.0086132,0.0017562649014984336,0.013802692486488263,True,0.1,0.85,10.0,10000.0,0.938,0.494
hermes.p.no-vmsub.zxpt.k-.186,1 - 1 - 2022,52.657444,1.6957122397388067,1.0,4.47213595499958,0.1522067,0.12,0.2,0.2761859,0.25,0.3,0.5233963,0.45,0.6,0.1661599,0.01515208,0.008700635,0.0017757548270343941,0.009201794990992182,True,0.1,0.85,10.0,10000.0,0.938,0.494
hermes.p.no-vmsub.zxpt.k-.187,1 - 1 - 2022,52.657444,1.6957122397388067,1.0,4.47213595499958,0.1522067,0.12,0.2,0.2722677,0.25,0.3,0.6891481,0.6,0.8,0.09406017,0.01053786,0.004765652,0.00100522328738267,0.0069013462432441315,True,0.1,0.85,10.0,10000.0,0.938,0.494
hermes.p.no-vmsub.zxpt.k-.188,1 - 1 - 2022,52.657444,1.6957122397388067,1.0,4.47213595499958,0.1522067,0.12,0.2,0.2737286,0.25,0.3,0.9150389,0.8,1.2,0.01407755,0.004182205,0.0007430637,0.0001504471136857812,0.003450673121622068,True,0.1,0.85,10.0,10000.0,0.938,0.494
hermes.p.no-vmsub.zxpt.k-.189,1 - 1 - 2022,52.657444,1.6957122397388067,1.0,4.47213595499958,0.1522067,0.12,0.2,0.3338134,0.3,0.375,0.1006145,0.0,0.15,0.05540389,0.004377493,0.002820072,0.000592102698087701,0.006134529993994785,True,0.1,0.85,10.0,10000.0,0.938,0.494
hermes.p.no-vmsub.zxpt.k-.190,1 - 1 - 2022,52.657444,1.6957122397388067,1.0,4.47213595499958,0.1522067,0.12,0.2,0.33406,0.3,0.375,0.1988228,0.15,0.25,0.1122746,0.00816913,0.005405002,0.001199881336612238,0.009201794990992175,True,0.1,0.85,10.0,10000.0,0.938,0.494
hermes.p.no-vmsub.zxpt.k-.191,1 - 1 - 2022,52.657444,1.6957122397388067,1.0,4.47213595499958,0.1522067,0.12,0.2,0.333618,0.3,0.375,0.3014286,0.25,0.35,0.1385292,0.01049125,0.006687015,0.0014804648750102339,0.009201794990992178,True,0.1,0.85,10.0,10000.0,0.938,0.494
hermes.p.no-vmsub.zxpt.k-.192,1 - 1 - 2022,52.657444,1.6957122397388067,1.0,4.47213595499958,0.1522067,0.12,0.2,0.3359895,0.3,0.375,0.3987591,0.35,0.45,0.133499,0.01186934,0.006419634,0.0014267070072518375,0.009201794990992171,True,0.1,0.85,10.0,10000.0,0.938,0.494
hermes.p.no-vmsub.zxpt.k-.193,1 - 1 - 2022,52.657444,1.6957122397388067,1.0,4.47213595499958,0.1522067,0.12,0.2,0.3336727,0.3,0.375,0.5174328,0.45,0.6,0.08808396,0.008348997,0.004401466,0.0009413553881189414,0.006134529993994785,True,0.1,0.85,10.0,10000.0,0.938,0.494
hermes.p.no-vmsub.zxpt.k-.194,1 - 1 - 2022,52.657444,1.6957122397388067,1.0,4.47213595499958,0.1522067,0.12,0.2,0.3383571,0.3,0.375,0.6880977,0.6,0.8,0.05192197,0.005089059,0.002501819,0.0005548913357352466,0.004600897495496086,True,0.1,0.85,10.0,10000.0,0.938,0.494
hermes.p.no-vmsub.zxpt.k-.195,1 - 1 - 2022,52.657444,1.6957122397388067,1.0,4.47213595499958,0.1522067,0.12,0.2,0.3326142,0.3,0.375,0.9258956,0.8,1.2,0.02061265,0.002679379,0.0009801466,0.00022028788375215983,0.0023004487477480445,True,0.1,0.85,10.0,10000.0,0.938,0.494
hermes.p.no-vmsub.zxpt.k-.196,1 - 1 - 2022,52.657444,1.6957122397388067,1.0,4.47213595499958,0.1522067,0.12,0.2,0.4164038,0.375,0.475,0.1018516,0.0,0.15,0.03291649,0.002967825,0.001568145,0.00035177931622809935,0.00460089749549609,True,0.1,0.85,10.0,10000.0,0.938,0.494
hermes.p.no-vmsub.zxpt.k-.197,1 - 1 - 2022,52.657444,1.6957122397388067,1.0,4.47213595499958,0.1522067,0.12,0.2,0.4197689,0.375,0.475,0.2094188,0.15,0.25,0.06279087,0.004983896,0.003140694,0.0006710475300971482,0.006901346243244134,True,0.1,0.85,10.0,10000.0,0.938,0.494
hermes.p.no-vmsub.zxpt.k-.198,1 - 1 - 2022,52.657444,1.6957122397388067,1.0,4.47213595499958,0.1522067,0.12,0.2,0.4200656,0.375,0.475,0.3002419,0.25,0.35,0.08675756,0.006560989,0.004262651,0.0009271801195819573,0.006901346243244136,True,0.1,0.85,10.0,10000.0,0.938,0.494
hermes.p.no-vmsub.zxpt.k-.199,1 - 1 - 2022,52.657444,1.6957122397388067,1.0,4.47213595499958,0.1522067,0.12,0.2,0.4245162,0.375,0.475,0.3995505,0.35,0.45,0.08716129,0.007530568,0.003967386,0.0009314947917520693,0.0069013462432441315,True,0.1,0.85,10.0,10000.0,0.938,0.494
hermes.p.no-vmsub.zxpt.k-.200,1 - 1 - 2022,52.657444,1.6957122397388067,1.0,4.47213595499958,0.1522067,0.12,0.2,0.420673,0.375,0.475,0.522865,0.45,0.6,0.07187441,0.005932805,0.003378176,0.0007681235394204567,0.004600897495496091,True,0.1,0.85,10.0,10000.0,0.938,0.494
hermes.p.no-vmsub.zxpt.k-.201,1 - 1 - 2022,52.657444,1.6957122397388067,1.0,4.47213595499958,0.1522067,0.12,0.2,0.4219722,0.375,0.475,0.6826306,0.6,0.8,0.03238609,0.003327933,0.001571954,0.00034611091873713406,0.0034506731216220657,True,0.1,0.85,10.0,10000.0,0.938,0.494
hermes.p.no-vmsub.zxpt.k-.202,1 - 1 - 2022,52.657444,1.6957122397388067,1.0,4.47213595499958,0.1522067,0.12,0.2,0.4441058,0.375,0.475,0.9715501,0.8,1.2,0.0084988,0.001239384,0.0004028051,9.082687895214135e-05,0.001725336560811034,True,0.1,0.85,10.0,10000.0,0.938,0.494
hermes.p.no-vmsub.zxpt.k-.203,1 - 1 - 2022,52.657444,1.6957122397388067,1.0,4.47213595499958,0.1522067,0.12,0.2,0.5292484,0.475,0.6,0.1016689,0.0,0.15,0.01278299,0.001682238,0.0005793817,0.00013661211999063785,0.003680717996396871,True,0.1,0.85,10.0,10000.0,0.938,0.494
hermes.p.no-vmsub.zxpt.k-.204,1 - 1 - 2022,52.657444,1.6957122397388067,1.0,4.47213595499958,0.1522067,0.12,0.2,0.5260571,0.475,0.6,0.2032329,0.15,0.25,0.03286355,0.003121665,0.001580293,0.00035121354518139554,0.005521076994595306,True,0.1,0.85,10.0,10000.0,0.938,0.494
hermes.p.no-vmsub.zxpt.k-.205,1 - 1 - 2022,52.657444,1.6957122397388067,1.0,4.47213595499958,0.1522067,0.12,0.2,0.5281966,0.475,0.6,0.2988398,0.25,0.35,0.03330006,0.003810963,0.001567139,0.00035587853799583984,0.005521076994595307,True,0.1,0.85,10.0,10000.0,0.938,0.494
hermes.p.no-vmsub.zxpt.k-.206,1 - 1 - 2022,52.657444,1.6957122397388067,1.0,4.47213595499958,0.1522067,0.12,0.2,0.5261356,0.475,0.6,0.3993848,0.35,0.45,0.0415598,0.004246525,0.001957264,0.00044415057700795447,0.005521076994595304,True,0.1,0.85,10.0,10000.0,0.938,0.494
hermes.p.no-vmsub.zxpt.k-.207,1 - 1 - 2022,52.657444,1.6957122397388067,1.0,4.47213595499958,0.1522067,0.12,0.2,0.530948,0.475,0.6,0.523863,0.45,0.6,0.02980108,0.003455224,0.001479595,0.00031848485501518805,0.0036807179963968713,True,0.1,0.85,10.0,10000.0,0.938,0.494
hermes.p.no-vmsub.zxpt.k-.208,1 - 1 - 2022,52.657444,1.6957122397388067,1.0,4.47213595499958,0.1522067,0.12,0.2,0.5322538,0.475,0.6,0.6913832,0.6,0.8,0.02165482,0.002519481,0.001070582,0.00023142557947832747,0.002760538497297652,True,0.1,0.85,10.0,10000.0,0.938,0.494
hermes.p.no-vmsub.zxpt.k-.209,1 - 1 - 2022,52.657444,1.6957122397388067,1.0,4.47213595499958,0.1522067,0.12,0.2,0.5332202,0.475,0.6,0.9170193,0.8,1.2,0.006531497,0.000885639,0.0003181221,6.980226471916909e-05,0.0013802692486488267,True,0.1,0.85,10.0,10000.0,0.938,0.494
hermes.p.no-vmsub.zxpt.k-.210,1 - 1 - 2022,52.657444,1.6957122397388067,1.0,4.47213595499958,0.1522067,0.12,0.2,0.6753768,0.6,0.8,0.1039903,0.0,0.15,0.005099303,0.0009101084,0.0002497425,5.449637317283513e-05,0.0023004487477480432,True,0.1,0.85,10.0,10000.0,0.938,0.494
hermes.p.no-vmsub.zxpt.k-.211,1 - 1 - 2022,52.657444,1.6957122397388067,1.0,4.47213595499958,0.1522067,0.12,0.2,0.6725591,0.6,0.8,0.2058421,0.15,0.25,0.008881619,0.001760371,0.0004332048,9.491807476491252e-05,0.0034506731216220653,True,0.1,0.85,10.0,10000.0,0.938,0.494
hermes.p.no-vmsub.zxpt.k-.212,1 - 1 - 2022,52.657444,1.6957122397388067,1.0,4.47213595499958,0.1522067,0.12,0.2,0.6787273,0.6,0.8,0.298867,0.25,0.35,0.010876,0.001899301,0.0005012216,0.00011623207223178439,0.0034506731216220657,True,0.1,0.85,10.0,10000.0,0.938,0.494
hermes.p.no-vmsub.zxpt.k-.213,1 - 1 - 2022,52.657444,1.6957122397388067,1.0,4.47213595499958,0.1522067,0.12,0.2,0.676745,0.6,0.8,0.3985689,0.35,0.45,0.01494683,0.002311885,0.00072745,0.0001597371298451822,0.003450673121622064,True,0.1,0.85,10.0,10000.0,0.938,0.494
hermes.p.no-vmsub.zxpt.k-.214,1 - 1 - 2022,52.657444,1.6957122397388067,1.0,4.47213595499958,0.1522067,0.12,0.2,0.667861,0.6,0.8,0.5241894,0.45,0.6,0.01237216,0.001606624,0.0005512984,0.00013222156995064302,0.0023004487477480437,True,0.1,0.85,10.0,10000.0,0.938,0.494
hermes.p.no-vmsub.zxpt.k-.215,1 - 1 - 2022,52.657444,1.6957122397388067,1.0,4.47213595499958,0.1522067,0.12,0.2,0.6659151,0.6,0.8,0.685773,0.6,0.8,0.01099739,0.001371013,0.0004860099,0.00011752937006630225,0.001725336560811032,True,0.1,0.85,10.0,10000.0,0.938,0.494
hermes.p.no-vmsub.zxpt.k-.216,1 - 1 - 2022,52.657444,1.6957122397388067,1.0,4.47213595499958,0.1522067,0.12,0.2,0.6670897,0.6,0.8,0.9370713,0.8,1.2,0.003133924,0.0004992173,0.0001392701,3.349232077389874e-05,0.0008626682804055164,True,0.1,0.85,10.0,10000.0,0.938,0.494
hermes.p.no-vmsub.zxpt.k-.217,1 - 1 - 2022,52.657444,1.6944055004632155,1.0,4.47213595499958,0.1522091,0.12,0.2,0.8489674,0.8,1.1,0.08439788,0.0,0.15,0.0009398101,0.0004961311,4.176473e-05,1.004377302568596e-05,0.0015336324984986961,True,0.1,0.85,10.0,10000.0,0.938,0.494
hermes.p.no-vmsub.zxpt.k-.218,1 - 1 - 2022,52.657444,1.6978277297770819,1.0,4.47213595499958,0.1522425,0.12,0.2,0.8487026,0.8,1.1,0.2387069,0.15,0.25,0.0003382576,0.0006133504,2.394197e-05,3.6149670647434748e-06,0.0023004487477480437,True,0.1,0.85,10.0,10000.0,0.938,0.494
hermes.p.no-vmsub.zxpt.k-.219,1 - 1 - 2022,52.657444,1.6962735628429748,1.0,4.47213595499958,0.1522273,0.12,0.2,0.8415365,0.8,1.1,0.3161881,0.25,0.35,0.002601075,0.0007471526,0.0001224383,2.779775076133584e-05,0.0023004487477480445,True,0.1,0.85,10.0,10000.0,0.938,0.494
hermes.p.no-vmsub.zxpt.k-.221,1 - 1 - 2022,52.657444,1.6957122397388067,1.0,4.47213595499958,0.1522067,0.12,0.2,0.8393389,0.8,1.1,0.5263519,0.45,0.6,0.0006138488,0.0003223491,3.221554e-05,6.560216813258015e-06,0.0015336324984986961,True,0.1,0.85,10.0,10000.0,0.938,0.494
hermes.p.no-vmsub.zxpt.k-.222,1 - 1 - 2022,52.657444,1.6965880466394898,1.0,4.47213595499958,0.1522051,0.12,0.2,0.8097043,0.8,1.1,0.6710101,0.6,0.8,0.0003015938,0.0002781786,1.5794e-05,3.223140156882892e-06,0.0011502243738740214,True,0.1,0.85,10.0,10000.0,0.938,0.494
hermes.p.no-vmsub.zxpt.k-.223,1 - 1 - 2022,52.657444,1.6957122397388067,1.0,4.47213595499958,0.1522067,0.12,0.2,0.8113595,0.8,1.1,0.9338041,0.8,1.2,0.0002137795,0.0001064678,1.070143e-05,2.2846666316361485e-06,0.0005751121869370111,True,0.1,0.85,10.0,10000.0,0.938,0.494
hermes.p.no-vmsub.zxpt.k-.224,1 - 1 - 2022,52.657444,2.2893820126837725,1.0,4.47213595499958,0.2538812,0.2,0.35,0.1476704,0.1,0.2,0.1008945,0.0,0.15,0.2436359,0.03105159,0.01644679,0.002097343374349642,0.009233073296206071,True,0.1,0.85,10.0,10000.0,0.938,0.494
hermes.p.no-vmsub.zxpt.k-.225,1 - 1 - 2022,52.657444,2.2893820126837725,1.0,4.47213595499958,0.2538812,0.2,0.35,0.1398234,0.1,0.2,0.2024738,0.15,0.25,0.457298,0.06838771,0.03163522,0.003936656832606946,0.013849609944309105,True,0.1,0.85,10.0,10000.0,0.938,0.494
hermes.p.no-vmsub.zxpt.k-.226,1 - 1 - 2022,52.657444,2.2893820126837725,1.0,4.47213595499958,0.2538812,0.2,0.35,0.1454086,0.1,0.2,0.2956422,0.25,0.35,0.465933,0.08481941,0.03132303,0.004010991362278104,0.013849609944309109,True,0.1,0.85,10.0,10000.0,0.938,0.494
hermes.p.no-vmsub.zxpt.k-.227,1 - 1 - 2022,52.657444,2.2893820126837725,1.0,4.47213595499958,0.2538812,0.2,0.35,0.1422913,0.1,0.2,0.403777,0.35,0.45,0.5973975,0.09450794,0.04024215,0.005142705522782318,0.0138496099443091,True,0.1,0.85,10.0,10000.0,0.938,0.494
hermes.p.no-vmsub.zxpt.k-.228,1 - 1 - 2022,52.657444,2.2893820126837725,1.0,4.47213595499958,0.2538812,0.2,0.35,0.1435285,0.1,0.2,0.5283703,0.45,0.6,0.3983608,0.07374975,0.02421474,0.003429295044287903,0.009233073296206071,True,0.1,0.85,10.0,10000.0,0.938,0.494
hermes.p.no-vmsub.zxpt.k-.229,1 - 1 - 2022,52.657444,2.289612412614851,1.0,4.47213595499958,0.2539186,0.2,0.35,0.1508781,0.1,0.2,0.6690176,0.6,0.8,0.1169566,0.05966328,0.005992732,0.001006822681289832,0.00692480497215455,True,0.1,0.85,10.0,10000.0,0.938,0.494
hermes.p.no-vmsub.zxpt.k-.231,1 - 1 - 2022,52.657444,2.2893820126837725,1.0,4.47213595499958,0.2538812,0.2,0.35,0.2213635,0.2,0.25,0.1024848,0.0,0.15,0.1047014,0.01520401,0.006102628,0.0009013236045062803,0.018466146592412146,True,0.1,0.85,10.0,10000.0,0.938,0.494
hermes.p.no-vmsub.zxpt.k-.232,1 - 1 - 2022,52.657444,2.2893820126837725,1.0,4.47213595499958,0.2538812,0.2,0.35,0.2236404,0.2,0.25,0.1974662,0.15,0.25,0.2811806,0.03451632,0.01515379,0.0024205474989755496,0.02769921988861822,True,0.1,0.85,10.0,10000.0,0.938,0.494
hermes.p.no-vmsub.zxpt.k-.233,1 - 1 - 2022,52.657444,2.2893820126837725,1.0,4.47213595499958,0.2538812,0.2,0.35,0.2236731,0.2,0.25,0.2993815,0.25,0.35,0.3758872,0.04893675,0.02122579,0.0032358307146969673,0.027699219888618225,True,0.1,0.85,10.0,10000.0,0.938,0.494
hermes.p.no-vmsub.zxpt.k-.234,1 - 1 - 2022,52.657444,2.2893820126837725,1.0,4.47213595499958,0.2538812,0.2,0.35,0.2243396,0.2,0.25,0.4015828,0.35,0.45,0.2370325,0.04764671,0.01398203,0.0020404979043750597,0.027699219888618207,True,0.1,0.85,10.0,10000.0,0.938,0.494
hermes.p.no-vmsub.zxpt.k-.235,1 - 1 - 2022,52.657444,2.2893820126837725,1.0,4.47213595499958,0.2538812,0.2,0.35,0.2229778,0.2,0.25,0.5239053,0.45,0.6,0.2181495,0.03666168,0.0125891,0.001877943309843448,0.01846614659241215,True,0.1,0.85,10.0,10000.0,0.938,0.494
hermes.p.no-vmsub.zxpt.k-.236,1 - 1 - 2022,52.657444,2.2893820126837725,1.0,4.47213595499958,0.2538812,0.2,0.35,0.2240558,0.2,0.25,0.6887055,0.6,0.8,0.1246577,0.02851784,0.006949007,0.0010731177185163,0.013849609944309104,True,0.1,0.85,10.0,10000.0,0.938,0.494
hermes.p.no-vmsub.zxpt.k-.237,1 - 1 - 2022,52.657444,2.289612412614851,1.0,4.47213595499958,0.2539186,0.2,0.35,0.2208767,0.2,0.25,0.9272516,0.8,1.2,0.08204666,0.0240152,0.004041416,0.0007062999284527356,0.006924804972154556,True,0.1,0.85,10.0,10000.0,0.938,0.494
hermes.p.no-vmsub.zxpt.k-.238,1 - 1 - 2022,52.657444,2.2893820126837725,1.0,4.47213595499958,0.2538812,0.2,0.35,0.2750901,0.25,0.3,0.10376,0.0,0.15,0.08460532,0.01196339,0.004168567,0.0007283261922267256,0.018466146592412146,True,0.1,0.85,10.0,10000.0,0.938,0.494
hermes.p.no-vmsub.zxpt.k-.239,1 - 1 - 2022,52.657444,2.2893820126837725,1.0,4.47213595499958,0.2538812,0.2,0.35,0.2710074,0.25,0.3,0.2009257,0.15,0.25,0.2064985,0.02368932,0.01071283,0.0017776454980080508,0.02769921988861822,True,0.1,0.85,10.0,10000.0,0.938,0.494
hermes.p.no-vmsub.zxpt.k-.240,1 - 1 - 2022,52.657444,2.2893820126837725,1.0,4.47213595499958,0.2538812,0.2,0.35,0.2745984,0.25,0.3,0.3033512,0.25,0.35,0.2119203,0.030283,0.0109113,0.0018243191462965374,0.027699219888618225,True,0.1,0.85,10.0,10000.0,0.938,0.494
hermes.p.no-vmsub.zxpt.k-.241,1 - 1 - 2022,52.657444,2.2893820126837725,1.0,4.47213595499958,0.2538812,0.2,0.35,0.2741351,0.25,0.3,0.3965852,0.35,0.45,0.191421,0.03640769,0.01122189,0.0016478506084751177,0.027699219888618207,True,0.1,0.85,10.0,10000.0,0.938,0.494
hermes.p.no-vmsub.zxpt.k-.242,1 - 1 - 2022,52.657444,2.2893820126837725,1.0,4.47213595499958,0.2538812,0.2,0.35,0.2727041,0.25,0.3,0.5129933,0.45,0.6,0.1335831,0.02597586,0.006712002,0.0011499521610324494,0.01846614659241215,True,0.1,0.85,10.0,10000.0,0.938,0.494
hermes.p.no-vmsub.zxpt.k-.243,1 - 1 - 2022,52.657444,2.2893820126837725,1.0,4.47213595499958,0.2538812,0.2,0.35,0.27467,0.25,0.3,0.689263,0.6,0.8,0.0814638,0.01778695,0.00413062,0.0007012823692212208,0.013849609944309104,True,0.1,0.85,10.0,10000.0,0.938,0.494
hermes.p.no-vmsub.zxpt.k-.244,1 - 1 - 2022,52.657444,2.2893820126837725,1.0,4.47213595499958,0.2538812,0.2,0.35,0.277064,0.25,0.3,0.9151655,0.8,1.2,0.02979464,0.008725343,0.001564594,0.0002564876144900355,0.006924804972154556,True,0.1,0.85,10.0,10000.0,0.938,0.494
hermes.p.no-vmsub.zxpt.k-.245,1 - 1 - 2022,52.657444,2.2893820126837725,1.0,4.47213595499958,0.2538812,0.2,0.35,0.3317847,0.3,0.375,0.09977902,0.0,0.15,0.05191401,0.00665562,0.002526256,0.0004469025497039684,0.012310764394941427,True,0.1,0.85,10.0,10000.0,0.938,0.494
hermes.p.no-vmsub.zxpt.k-.246,1 - 1 - 2022,52.657444,2.2893820126837725,1.0,4.47213595499958,0.2538812,0.2,0.35,0.333448,0.3,0.375,0.2030267,0.15,0.25,0.09852551,0.01242599,0.004951854,0.0008481583609103562,0.01846614659241214,True,0.1,0.85,10.0,10000.0,0.938,0.494
hermes.p.no-vmsub.zxpt.k-.247,1 - 1 - 2022,52.657444,2.2893820126837725,1.0,4.47213595499958,0.2538812,0.2,0.35,0.3336623,0.3,0.375,0.2996741,0.25,0.35,0.1484533,0.01706051,0.007766869,0.0012779625053423564,0.018466146592412143,True,0.1,0.85,10.0,10000.0,0.938,0.494
hermes.p.no-vmsub.zxpt.k-.248,1 - 1 - 2022,52.657444,2.2893820126837725,1.0,4.47213595499958,0.2538812,0.2,0.35,0.3338025,0.3,0.375,0.3958785,0.35,0.45,0.1541063,0.02019827,0.007641665,0.0013266264423696932,0.018466146592412132,True,0.1,0.85,10.0,10000.0,0.938,0.494
hermes.p.no-vmsub.zxpt.k-.249,1 - 1 - 2022,52.657444,2.2893820126837725,1.0,4.47213595499958,0.2538812,0.2,0.35,0.3336032,0.3,0.375,0.5192389,0.45,0.6,0.1071538,0.01581069,0.005405968,0.0009224351274438073,0.012310764394941427,True,0.1,0.85,10.0,10000.0,0.938,0.494
hermes.p.no-vmsub.zxpt.k-.250,1 - 1 - 2022,52.657444,2.2893820126837725,1.0,4.47213595499958,0.2538812,0.2,0.35,0.3339225,0.3,0.375,0.6732458,0.6,0.8,0.05152407,0.009974809,0.002663827,0.00044354574524537306,0.009233073296206066,True,0.1,0.85,10.0,10000.0,0.938,0.494
hermes.p.no-vmsub.zxpt.k-.251,1 - 1 - 2022,52.657444,2.2893820126837725,1.0,4.47213595499958,0.2538812,0.2,0.35,0.3371764,0.3,0.375,0.9226278,0.8,1.2,0.01260415,0.003731966,0.0006067047,0.00010850301819973594,0.004616536648103036,True,0.1,0.85,10.0,10000.0,0.938,0.494
hermes.p.no-vmsub.zxpt.k-.252,1 - 1 - 2022,52.657444,2.289612412614851,1.0,4.47213595499958,0.2539186,0.2,0.35,0.4157927,0.375,0.475,0.101857,0.0,0.15,0.02373715,0.004240133,0.001056711,0.00020434161910639446,0.009233073296206073,True,0.1,0.85,10.0,10000.0,0.938,0.494
hermes.p.no-vmsub.zxpt.k-.253,1 - 1 - 2022,52.657444,2.2893820126837725,1.0,4.47213595499958,0.2538812,0.2,0.35,0.421657,0.375,0.475,0.2001589,0.15,0.25,0.06051519,0.007800863,0.002702307,0.000520945939387462,0.01384960994430911,True,0.1,0.85,10.0,10000.0,0.938,0.494
hermes.p.no-vmsub.zxpt.k-.254,1 - 1 - 2022,52.657444,2.2893820126837725,1.0,4.47213595499958,0.2538812,0.2,0.35,0.4187416,0.375,0.475,0.3027017,0.25,0.35,0.08996161,0.01058663,0.003995086,0.0007744358966774869,0.013849609944309112,True,0.1,0.85,10.0,10000.0,0.938,0.494
hermes.p.no-vmsub.zxpt.k-.255,1 - 1 - 2022,52.657444,2.2893820126837725,1.0,4.47213595499958,0.2538812,0.2,0.35,0.4235869,0.375,0.475,0.4013948,0.35,0.45,0.06913417,0.01143875,0.00318681,0.0005951425606434102,0.013849609944309104,True,0.1,0.85,10.0,10000.0,0.938,0.494
hermes.p.no-vmsub.zxpt.k-.256,1 - 1 - 2022,52.657444,2.2893820126837725,1.0,4.47213595499958,0.2538812,0.2,0.35,0.4196308,0.375,0.475,0.5257481,0.45,0.6,0.07119249,0.00889187,0.003545516,0.0006128616398689733,0.009233073296206075,True,0.1,0.85,10.0,10000.0,0.938,0.494
hermes.p.no-vmsub.zxpt.k-.257,1 - 1 - 2022,52.657444,2.2893820126837725,1.0,4.47213595499958,0.2538812,0.2,0.35,0.4178585,0.375,0.475,0.6959576,0.6,0.8,0.0342475,0.00634997,0.001594047,0.0002948201279574947,0.006924804972154552,True,0.1,0.85,10.0,10000.0,0.938,0.494
hermes.p.no-vmsub.zxpt.k-.258,1 - 1 - 2022,52.657444,2.2893820126837725,1.0,4.47213595499958,0.2538812,0.2,0.35,0.428349,0.375,0.475,0.9449192,0.8,1.2,0.01091554,0.002374395,0.0005018206,9.396659316811889e-05,0.003462402486077278,True,0.1,0.85,10.0,10000.0,0.938,0.494
hermes.p.no-vmsub.zxpt.k-.259,1 - 1 - 2022,52.657444,2.2893820126837725,1.0,4.47213595499958,0.2538812,0.2,0.35,0.5284544,0.475,0.6,0.09009347,0.0,0.15,0.01187377,0.002537403,0.0005377952,0.00010221553079021423,0.007386458636964857,True,0.1,0.85,10.0,10000.0,0.938,0.494
hermes.p.no-vmsub.zxpt.k-.260,1 - 1 - 2022,52.657444,2.2893820126837725,1.0,4.47213595499958,0.2538812,0.2,0.35,0.5334376,0.475,0.6,0.20769,0.15,0.25,0.03005797,0.004975827,0.001377879,0.00025875449482568177,0.011079687955447285,True,0.1,0.85,10.0,10000.0,0.938,0.494
hermes.p.no-vmsub.zxpt.k-.261,1 - 1 - 2022,52.657444,2.2893820126837725,1.0,4.47213595499958,0.2538812,0.2,0.35,0.5302989,0.475,0.6,0.3088832,0.25,0.35,0.02063145,0.00515214,0.0008924265,0.00017760615311916646,0.011079687955447287,True,0.1,0.85,10.0,10000.0,0.938,0.494
hermes.p.no-vmsub.zxpt.k-.262,1 - 1 - 2022,52.657444,2.2893820126837725,1.0,4.47213595499958,0.2538812,0.2,0.35,0.5323913,0.475,0.6,0.4007685,0.35,0.45,0.04060455,0.006614642,0.001827696,0.00034954489018633456,0.011079687955447282,True,0.1,0.85,10.0,10000.0,0.938,0.494
hermes.p.no-vmsub.zxpt.k-.263,1 - 1 - 2022,52.657444,2.2893820126837725,1.0,4.47213595499958,0.2538812,0.2,0.35,0.5286217,0.475,0.6,0.5203141,0.45,0.6,0.03966513,0.005209077,0.00193433,0.0003414578787371534,0.007386458636964858,True,0.1,0.85,10.0,10000.0,0.938,0.494
hermes.p.no-vmsub.zxpt.k-.264,1 - 1 - 2022,52.657444,2.2893820126837725,1.0,4.47213595499958,0.2538812,0.2,0.35,0.532137,0.475,0.6,0.6878159,0.6,0.8,0.02079732,0.004107782,0.001003989,0.0001790340475530466,0.005539843977723641,True,0.1,0.85,10.0,10000.0,0.938,0.494
hermes.p.no-vmsub.zxpt.k-.265,1 - 1 - 2022,52.657444,2.2893820126837725,1.0,4.47213595499958,0.2538812,0.2,0.35,0.5376089,0.475,0.6,0.9197277,0.8,1.2,0.007414505,0.00182442,0.0003653206,6.382787978221722e-05,0.0027699219888618217,True,0.1,0.85,10.0,10000.0,0.938,0.494
hermes.p.no-vmsub.zxpt.k-.266,1 - 1 - 2022,52.657444,2.2893820126837725,1.0,4.47213595499958,0.2538812,0.2,0.35,0.7027035,0.6,0.8,0.1067801,0.0,0.15,0.002557108,0.001220565,0.0001247249,2.2012903358234423e-05,0.004616536648103034,True,0.1,0.85,10.0,10000.0,0.938,0.494
hermes.p.no-vmsub.zxpt.k-.267,1 - 1 - 2022,52.657444,2.289612412614851,1.0,4.47213595499958,0.2539186,0.2,0.35,0.683901,0.6,0.8,0.2044649,0.15,0.25,0.002845322,0.002320799,0.0003841756,2.4493997988766325e-05,0.006924804972154551,True,0.1,0.85,10.0,10000.0,0.938,0.494
hermes.p.no-vmsub.zxpt.k-.268,1 - 1 - 2022,52.657444,2.2893820126837725,1.0,4.47213595499958,0.2538812,0.2,0.35,0.6782223,0.6,0.8,0.3018862,0.25,0.35,0.01458753,0.003514624,0.0006758347,0.00012557697528823395,0.006924804972154552,True,0.1,0.85,10.0,10000.0,0.938,0.494
hermes.p.no-vmsub.zxpt.k-.269,1 - 1 - 2022,52.657444,2.2893820126837725,1.0,4.47213595499958,0.2538812,0.2,0.35,0.6614784,0.6,0.8,0.3969303,0.35,0.45,0.008069852,0.00315524,0.0003899868,6.946944446275041e-05,0.006924804972154548,True,0.1,0.85,10.0,10000.0,0.938,0.494
hermes.p.no-vmsub.zxpt.k-.270,1 - 1 - 2022,52.657444,2.2893820126837725,1.0,4.47213595499958,0.2538812,0.2,0.35,0.6526544,0.6,0.8,0.5164821,0.45,0.6,0.01014451,0.002248845,0.000493185,8.732916961139016e-05,0.004616536648103035,True,0.1,0.85,10.0,10000.0,0.938,0.494
hermes.p.no-vmsub.zxpt.k-.271,1 - 1 - 2022,52.657444,2.2893820126837725,1.0,4.47213595499958,0.2538812,0.2,0.35,0.6858085,0.6,0.8,0.6699957,0.6,0.8,0.00751016,0.001648854,0.0003315579,6.465132731385527e-05,0.003462402486077274,True,0.1,0.85,10.0,10000.0,0.938,0.494
hermes.p.no-vmsub.zxpt.k-.272,1 - 1 - 2022,52.657444,2.2893820126837725,1.0,4.47213595499958,0.2538812,0.2,0.35,0.6606261,0.6,0.8,0.9404935,0.8,1.2,0.0009766299,0.0005977414,4.386215e-05,8.407333442882407e-06,0.001731201243038638,True,0.1,0.85,10.0,10000.0,0.938,0.494
hermes.p.no-vmsub.zxpt.k-.273,1 - 1 - 2022,52.657444,2.289612412614851,1.0,4.47213595499958,0.2539186,0.2,0.35,0.8860594,0.8,1.1,0.07168479,0.0,0.15,0.0001825314,0.0004011492,1.724897e-05,1.571324350806939e-06,0.0030776910987353567,True,0.1,0.85,10.0,10000.0,0.938,0.494
hermes.p.no-vmsub.zxpt.k-.274,1 - 1 - 2022,52.657444,2.288203662264354,1.0,4.47213595499958,0.2538119,0.2,0.35,0.8541873,0.8,1.1,0.1967335,0.15,0.25,0.002045229,0.001725253,0.0001932714,1.760638515168637e-05,0.004616536648103035,True,0.1,0.85,10.0,10000.0,0.938,0.494
hermes.p.no-vmsub.zxpt.k-.275,1 - 1 - 2022,52.657444,2.2893820126837725,1.0,4.47213595499958,0.2538812,0.2,0.35,0.864262,0.8,1.1,0.3009145,0.25,0.35,0.001606048,0.001069841,8.538628e-05,1.3825688790886295e-05,0.004616536648103036,True,0.1,0.85,10.0,10000.0,0.938,0.494
hermes.p.no-vmsub.zxpt.k-.276,1 - 1 - 2022,52.657444,2.2876343676383253,1.0,4.47213595499958,0.2535978,0.2,0.35,0.9481632,0.8,1.1,0.4068753,0.35,0.45,0.0006821178,0.001756221,3.586085e-05,5.872021522098979e-06,0.004616536648103033,True,0.1,0.85,10.0,10000.0,0.938,0.494
hermes.p.no-vmsub.zxpt.k-.277,1 - 1 - 2022,52.657444,2.2900609162203525,1.0,4.47213595499958,0.2538859,0.2,0.35,0.9147403,0.8,1.1,0.4828741,0.45,0.6,0.0004340115,0.0007268342,2.208436e-05,3.736194640923402e-06,0.0030776910987353567,True,0.1,0.85,10.0,10000.0,0.938,0.494
hermes.p.no-vmsub.zxpt.k-.278,1 - 1 - 2022,52.657444,2.288203662264354,1.0,4.47213595499958,0.2538119,0.2,0.35,0.8380262,0.8,1.1,0.6978765,0.6,0.8,0.000583092,0.000462358,2.96702e-05,5.019556407065961e-06,0.0023082683240515166,True,0.1,0.85,10.0,10000.0,0.938,0.494
hermes.p.no-vmsub.zxpt.k-.279,1 - 1 - 2022,52.657444,2.2893820126837725,1.0,4.47213595499958,0.2538812,0.2,0.35,0.8611745,0.8,1.1,0.9233078,0.8,1.2,0.0002641664,0.0001593088,1.264753e-05,2.2740804978486235e-06,0.001154134162025759,True,0.1,0.85,10.0,10000.0,0.938,0.494
hermes.p.no-vmsub.zxpt.k-.280,1 - 1 - 2022,52.657444,3.035335072113127,1.0,4.47213595499958,0.4100563,0.35,0.6,0.1534751,0.1,0.2,0.05684586,0.0,0.15,0.2035903,0.1119054,0.01244569,0.0016507405568716598,0.04846202285180486,True,0.1,0.85,10.0,10000.0,0.938,0.494
hermes.p.no-vmsub.zxpt.k-.281,1 - 1 - 2022,52.657444,3.0361233505903544,1.0,4.47213595499958,0.4101289,0.35,0.6,0.1311618,0.1,0.2,0.184624,0.15,0.25,0.2611195,0.2859931,0.02951801,0.002117195901966102,0.07269303427770729,True,0.1,0.85,10.0,10000.0,0.938,0.494
hermes.p.no-vmsub.zxpt.k-.282,1 - 1 - 2022,52.657444,3.0361233505903544,1.0,4.47213595499958,0.4101289,0.35,0.6,0.1454764,0.1,0.2,0.280561,0.25,0.35,0.5753499,0.4827084,0.05689198,0.004665022912791295,0.0726930342777073,True,0.1,0.85,10.0,10000.0,0.938,0.494
hermes.p.no-vmsub.zxpt.k-.284,1 - 1 - 2022,52.657444,3.0361233505903544,1.0,4.47213595499958,0.4101289,0.35,0.6,0.1313407,0.1,0.2,0.5290404,0.45,0.6,0.1758662,0.2616543,0.0193141,0.0014259494137142225,0.04846202285180486,True,0.1,0.85,10.0,10000.0,0.938,0.494
hermes.p.no-vmsub.zxpt.k-.285,1 - 1 - 2022,52.657444,3.0361233505903544,1.0,4.47213595499958,0.4101289,0.35,0.6,0.1603639,0.1,0.2,0.6961333,0.6,0.8,0.9335756,0.4113758,0.07505166,0.007569570386338612,0.03634651713885363,True,0.1,0.85,10.0,10000.0,0.938,0.494
hermes.p.no-vmsub.zxpt.k-.287,1 - 1 - 2022,52.657444,3.035335072113127,1.0,4.47213595499958,0.4100563,0.35,0.6,0.2246767,0.2,0.25,0.08470924,0.0,0.15,0.1383915,0.05893218,0.007176027,0.0011220989495879926,0.09692404570360975,True,0.1,0.85,10.0,10000.0,0.938,0.494
hermes.p.no-vmsub.zxpt.k-.288,1 - 1 - 2022,52.657444,3.035335072113127,1.0,4.47213595499958,0.4100563,0.35,0.6,0.2260535,0.2,0.25,0.1933793,0.15,0.25,0.3474847,0.108818,0.04019638,0.0028174578414707457,0.14538606855541464,True,0.1,0.85,10.0,10000.0,0.938,0.494
hermes.p.no-vmsub.zxpt.k-.289,1 - 1 - 2022,52.657444,3.0352512251871344,1.0,4.47213595499958,0.409992,0.35,0.6,0.2237138,0.2,0.25,0.2826462,0.25,0.35,0.1829708,0.1763336,0.01639895,0.0014835545715255248,0.14538606855541464,True,0.1,0.85,10.0,10000.0,0.938,0.494
hermes.p.no-vmsub.zxpt.k-.290,1 - 1 - 2022,52.657444,3.0361233505903544,1.0,4.47213595499958,0.4101289,0.35,0.6,0.2139999,0.2,0.25,0.422786,0.35,0.45,0.2610531,0.1948238,0.01679761,0.0021166575208498295,0.14538606855541455,True,0.1,0.85,10.0,10000.0,0.938,0.494
hermes.p.no-vmsub.zxpt.k-.291,1 - 1 - 2022,52.657444,3.035335072113127,1.0,4.47213595499958,0.4100563,0.35,0.6,0.2305079,0.2,0.25,0.5145152,0.45,0.6,0.1523239,0.1007174,0.01227941,0.0012350649294728827,0.09692404570360977,True,0.1,0.85,10.0,10000.0,0.938,0.494
hermes.p.no-vmsub.zxpt.k-.292,1 - 1 - 2022,52.657444,3.0352512251871344,1.0,4.47213595499958,0.409992,0.35,0.6,0.2311238,0.2,0.25,0.7186447,0.6,0.8,0.07061676,0.06629349,0.003404461,0.0005725712360896975,0.07269303427770728,True,0.1,0.85,10.0,10000.0,0.938,0.494
hermes.p.no-vmsub.zxpt.k-.294,1 - 1 - 2022,52.657444,3.035335072113127,1.0,4.47213595499958,0.4100563,0.35,0.6,0.2737986,0.25,0.3,0.09710398,0.0,0.15,0.06588509,0.03400724,0.003175185,0.0005342061490952143,0.09692404570360975,True,0.1,0.85,10.0,10000.0,0.938,0.494
hermes.p.no-vmsub.zxpt.k-.295,1 - 1 - 2022,52.657444,3.0352512251871344,1.0,4.47213595499958,0.409992,0.35,0.6,0.2739408,0.25,0.3,0.1980194,0.15,0.25,0.04593169,0.06630898,0.003101156,0.00037242100202542286,0.14538606855541464,True,0.1,0.85,10.0,10000.0,0.938,0.494
hermes.p.no-vmsub.zxpt.k-.296,1 - 1 - 2022,52.657444,3.035335072113127,1.0,4.47213595499958,0.4100563,0.35,0.6,0.2702141,0.25,0.3,0.2972261,0.25,0.35,0.389873,0.1123981,0.02004756,0.0031611485082011503,0.14538606855541464,True,0.1,0.85,10.0,10000.0,0.938,0.494
hermes.p.no-vmsub.zxpt.k-.297,1 - 1 - 2022,52.657444,3.035335072113127,1.0,4.47213595499958,0.4100563,0.35,0.6,0.2721502,0.25,0.3,0.3856351,0.35,0.45,0.1111417,0.1037621,0.009276021,0.0009011535016632076,0.14538606855541455,True,0.1,0.85,10.0,10000.0,0.938,0.494
hermes.p.no-vmsub.zxpt.k-.298,1 - 1 - 2022,52.657444,3.035335072113127,1.0,4.47213595499958,0.4100563,0.35,0.6,0.2725869,0.25,0.3,0.5095716,0.45,0.6,0.1756759,0.09097857,0.02097678,0.0014244064328945436,0.09692404570360977,True,0.1,0.85,10.0,10000.0,0.938,0.494
hermes.p.no-vmsub.zxpt.k-.299,1 - 1 - 2022,52.657444,3.035335072113127,1.0,4.47213595499958,0.4100563,0.35,0.6,0.2647852,0.25,0.3,0.6949909,0.6,0.8,0.1642032,0.06407259,0.008484005,0.0013313840679448309,0.07269303427770728,True,0.1,0.85,10.0,10000.0,0.938,0.494
hermes.p.no-vmsub.zxpt.k-.300,1 - 1 - 2022,52.657444,3.0341591916048176,1.0,4.47213595499958,0.4099481,0.35,0.6,0.2684619,0.25,0.3,0.8227782,0.8,1.2,0.01917577,0.03946585,0.0009907687,0.00015548000689739576,0.03634651713885366,True,0.1,0.85,10.0,10000.0,0.938,0.494
hermes.p.no-vmsub.zxpt.k-.301,1 - 1 - 2022,52.657444,3.035335072113127,1.0,4.47213595499958,0.4100563,0.35,0.6,0.3422622,0.3,0.375,0.1011387,0.0,0.15,0.05365308,0.02336587,0.002547087,0.00043502718526904137,0.06461603046907315,True,0.1,0.85,10.0,10000.0,0.938,0.494
hermes.p.no-vmsub.zxpt.k-.302,1 - 1 - 2022,52.657444,3.035335072113127,1.0,4.47213595499958,0.4100563,0.35,0.6,0.3324609,0.3,0.375,0.1942823,0.15,0.25,0.2643073,0.0590072,0.0127202,0.0021430430604367934,0.09692404570360971,True,0.1,0.85,10.0,10000.0,0.938,0.494
hermes.p.no-vmsub.zxpt.k-.303,1 - 1 - 2022,52.657444,3.0359706849704593,1.0,4.47213595499958,0.410544,0.35,0.6,0.3410505,0.3,0.375,0.3138427,0.25,0.35,0.3791877,0.2377919,0.01824899,0.0030745105000428994,0.09692404570360973,True,0.1,0.85,10.0,10000.0,0.938,0.494
hermes.p.no-vmsub.zxpt.k-.304,1 - 1 - 2022,52.657444,3.0352512251871344,1.0,4.47213595499958,0.409992,0.35,0.6,0.3440935,0.3,0.375,0.4062828,0.35,0.45,0.07433115,0.05432617,0.01123055,0.0006026880649221052,0.09692404570360967,True,0.1,0.85,10.0,10000.0,0.938,0.494
hermes.p.no-vmsub.zxpt.k-.305,1 - 1 - 2022,52.657444,3.0352512251871344,1.0,4.47213595499958,0.409992,0.35,0.6,0.3279251,0.3,0.375,0.525826,0.45,0.6,0.1543626,0.05959359,0.02254403,0.001251595013535307,0.06461603046907315,True,0.1,0.85,10.0,10000.0,0.938,0.494
hermes.p.no-vmsub.zxpt.k-.306,1 - 1 - 2022,52.657444,3.035335072113127,1.0,4.47213595499958,0.4100563,0.35,0.6,0.3385218,0.3,0.375,0.6833987,0.6,0.8,0.07722969,0.03737633,0.0113206,0.0006261898601142867,0.048462022851804835,True,0.1,0.85,10.0,10000.0,0.938,0.494
hermes.p.no-vmsub.zxpt.k-.307,1 - 1 - 2022,52.657444,3.0352512251871344,1.0,4.47213595499958,0.409992,0.35,0.6,0.3351717,0.3,0.375,0.9021325,0.8,1.2,0.01272433,0.01143931,0.001857438,0.00010317076790995823,0.02423101142590243,True,0.1,0.85,10.0,10000.0,0.938,0.494
hermes.p.no-vmsub.zxpt.k-.308,1 - 1 - 2022,52.657444,3.035335072113127,1.0,4.47213595499958,0.4100563,0.35,0.6,0.4160067,0.375,0.475,0.1031017,0.0,0.15,0.01644907,0.01181127,0.000779668,0.00013337151608804992,0.04846202285180488,True,0.1,0.85,10.0,10000.0,0.938,0.494
hermes.p.no-vmsub.zxpt.k-.309,1 - 1 - 2022,52.657444,3.0345668554177547,1.0,4.47213595499958,0.4100822,0.35,0.6,0.4007607,0.375,0.475,0.2065023,0.15,0.25,0.07401834,0.03901651,0.00350839,0.0006001517547266046,0.07269303427770732,True,0.1,0.85,10.0,10000.0,0.938,0.494
hermes.p.no-vmsub.zxpt.k-.310,1 - 1 - 2022,52.657444,3.035335072113127,1.0,4.47213595499958,0.4100563,0.35,0.6,0.4309992,0.375,0.475,0.3122167,0.25,0.35,0.1066982,0.03827118,0.01555125,0.0008651249400644517,0.07269303427770732,True,0.1,0.85,10.0,10000.0,0.938,0.494
hermes.p.no-vmsub.zxpt.k-.311,1 - 1 - 2022,52.657444,3.035335072113127,1.0,4.47213595499958,0.4100563,0.35,0.6,0.405902,0.375,0.475,0.4036471,0.35,0.45,0.07214118,0.03594965,0.003341506,0.0005849314611087986,0.07269303427770728,True,0.1,0.85,10.0,10000.0,0.938,0.494
hermes.p.no-vmsub.zxpt.k-.312,1 - 1 - 2022,52.657444,3.0361233505903544,1.0,4.47213595499958,0.4101289,0.35,0.6,0.4324119,0.375,0.475,0.5679188,0.45,0.6,0.04554606,0.03643274,0.002115492,0.0003692942563948775,0.048462022851804884,True,0.1,0.85,10.0,10000.0,0.938,0.494
hermes.p.no-vmsub.zxpt.k-.313,1 - 1 - 2022,52.657444,3.0352512251871344,1.0,4.47213595499958,0.409992,0.35,0.6,0.4198083,0.375,0.475,0.688742,0.6,0.8,0.04990184,0.02140768,0.002239338,0.00040461157113340113,0.03634651713885364,True,0.1,0.85,10.0,10000.0,0.938,0.494
hermes.p.no-vmsub.zxpt.k-.314,1 - 1 - 2022,52.657444,3.0352512251871344,1.0,4.47213595499958,0.409992,0.35,0.6,0.3973205,0.375,0.475,0.9412101,0.8,1.2,0.004237062,0.005693742,0.00019947,3.4354731465004706e-05,0.01817325856942683,True,0.1,0.85,10.0,10000.0,0.938,0.494
hermes.p.no-vmsub.zxpt.k-.315,1 - 1 - 2022,52.657444,3.035335072113127,1.0,4.47213595499958,0.4100563,0.35,0.6,0.546255,0.475,0.6,0.1258535,0.0,0.15,0.02194226,0.01243667,0.001016747,0.00017791112096903806,0.038769618281443895,True,0.1,0.85,10.0,10000.0,0.938,0.494
hermes.p.no-vmsub.zxpt.k-.316,1 - 1 - 2022,52.657444,3.0361233505903544,1.0,4.47213595499958,0.4101289,0.35,0.6,0.5401123,0.475,0.6,0.2079933,0.15,0.25,0.06029343,0.03116895,0.008804417,0.0004888681347485732,0.05815442742216584,True,0.1,0.85,10.0,10000.0,0.938,0.494
hermes.p.no-vmsub.zxpt.k-.317,1 - 1 - 2022,52.657444,3.0352512251871344,1.0,4.47213595499958,0.409992,0.35,0.6,0.5267675,0.475,0.6,0.3178172,0.25,0.35,0.04294901,0.02128319,0.006272911,0.00034823698714765136,0.058154427422165846,True,0.1,0.85,10.0,10000.0,0.938,0.494
hermes.p.no-vmsub.zxpt.k-.318,1 - 1 - 2022,52.657444,3.035335072113127,1.0,4.47213595499958,0.4100563,0.35,0.6,0.5256763,0.475,0.6,0.3973118,0.35,0.45,0.05105395,0.02067759,0.007440868,0.000413953051071185,0.05815442742216582,True,0.1,0.85,10.0,10000.0,0.938,0.494
hermes.p.no-vmsub.zxpt.k-.319,1 - 1 - 2022,52.657444,3.0352512251871344,1.0,4.47213595499958,0.409992,0.35,0.6,0.5146677,0.475,0.6,0.5059303,0.45,0.6,0.02377714,0.01483722,0.003624774,0.0001927886020326873,0.038769618281443895,True,0.1,0.85,10.0,10000.0,0.938,0.494
hermes.p.no-vmsub.zxpt.k-.320,1 - 1 - 2022,52.657444,3.035335072113127,1.0,4.47213595499958,0.4100563,0.35,0.6,0.5075909,0.475,0.6,0.6974862,0.6,0.8,0.02281327,0.01104193,0.003318123,0.0001849734001269389,0.02907721371108291,True,0.1,0.85,10.0,10000.0,0.938,0.494
hermes.p.no-vmsub.zxpt.k-.321,1 - 1 - 2022,52.657444,3.0345668554177547,1.0,4.47213595499958,0.4100822,0.35,0.6,0.5128072,0.475,0.6,0.902685,0.8,1.2,0.01663909,0.01019955,0.002420107,0.00013491222662591324,0.014538606855541461,True,0.1,0.85,10.0,10000.0,0.938,0.494
hermes.p.no-vmsub.zxpt.k-.322,1 - 1 - 2022,52.657444,3.03616023951306,1.0,4.47213595499958,0.4100285,0.35,0.6,0.6810677,0.6,0.8,0.1376062,0.0,0.15,0.002719019,0.005668796,0.0001193443,2.2046212114254084e-05,0.02423101142590242,True,0.1,0.85,10.0,10000.0,0.938,0.494
hermes.p.no-vmsub.zxpt.k-.323,1 - 1 - 2022,52.657444,3.0341591916048176,1.0,4.47213595499958,0.4099481,0.35,0.6,0.6348661,0.6,0.8,0.1877466,0.15,0.25,0.0141345,0.01320312,0.0006203975,0.00011460463686679804,0.03634651713885364,True,0.1,0.85,10.0,10000.0,0.938,0.494
hermes.p.no-vmsub.zxpt.k-.325,1 - 1 - 2022,52.657444,3.035335072113127,1.0,4.47213595499958,0.4100563,0.35,0.6,0.6377077,0.6,0.8,0.4153513,0.35,0.45,0.02919593,0.01467265,0.001323249,0.00023672496060267112,0.03634651713885362,True,0.1,0.85,10.0,10000.0,0.938,0.494
hermes.p.no-vmsub.zxpt.k-.326,1 - 1 - 2022,52.657444,3.03616023951306,1.0,4.47213595499958,0.4100285,0.35,0.6,0.6073759,0.6,0.8,0.5037253,0.45,0.6,0.001510669,0.007226951,8.292737e-05,1.2248729857506736e-05,0.024231011425902428,True,0.1,0.85,10.0,10000.0,0.938,0.494
hermes.p.no-vmsub.zxpt.k-.327,1 - 1 - 2022,52.657444,3.0341591916048176,1.0,4.47213595499958,0.4099481,0.35,0.6,0.655923,0.6,0.8,0.6687077,0.6,0.8,0.01277224,0.009213498,0.0007011254,0.00010355922934490734,0.01817325856942681,True,0.1,0.85,10.0,10000.0,0.938,0.494
hermes.p.no-vmsub.zxpt.k-.330,1 - 1 - 2022,52.657444,3.0341591916048176,1.0,4.47213595499958,0.4099481,0.35,0.6,0.8181023,0.8,1.1,0.2537261,0.25,0.35,0.00882638,0.006319002,0.0004845195,7.156560718443305e-05,0.02423101142590243,True,0.1,0.85,10.0,10000.0,0.938,0.494
hermes.p.no-vmsub.zxpt.k-.333,1 - 1 - 2022,52.657444,3.0341591916048176,1.0,4.47213595499958,0.4099481,0.35,0.6,0.922512,0.8,1.1,0.5676492,0.45,0.6,0.002825772,0.003204514,0.0001551193,2.2911781380902447e-05,0.016154007617268287,True,0.1,0.85,10.0,10000.0,0.938,0.494
